"Modules","Category","SubCategory","ModelCode","Units","Description","Value","RefID","Comment","ValueType","MinValue","MaxValue","Temp","DataSource","DataTable","MayBeNonNumeric","ParameterCode"
"Media","DispersionSI",,"cypSI_1","[ug/m3]/[g/sec-m2]","Normalized air concentration over field (particle)","Site-specific",,,"Constant",,,"",,"Fate_constant:Dispersion",0,"Cyp_field"
"Media","DispersionSI",,"cypSI_2","[ug/m3]/[g/sec-m2]","Normalized air concentration over buffer (particle)","Site-specific",,,"Constant",,,"",,"Fate_constant:Dispersion",0,"Cyp_buffer"
"Media","DispersionSI",,"cypSI_3","[ug/m3]/[g/sec-m2]","Normalized air concentration over index reservoir (particle)","Site-specific",,,"Constant",,,"",,"Fate_constant:Dispersion",0,"Cyp_reserv"
"Media","DispersionSI",,"cypSI_4","[ug/m3]/[g/sec-m2]","Normalized air concentration over watershed (particle)","Site-specific",,,"Constant",,,"",,"Fate_constant:Dispersion",0,"Cyp_RWS"
"Media","DispersionSI",,"cypSI_5","[ug/m3]/[g/sec-m2]","Normalized air concentration over farm pond (particle)","Site-specific",,,"Constant",,,"",,"Fate_constant:Dispersion",0,"Cyp_pond"
"Media","DispersionSI",,"cyvSI_1","[ug/m3]/[g/sec-m2]","Normalized air concentration over field (vapor)","Site-specific",,,"Constant",,,"",,"Fate_constant:Dispersion",0,"Cyv_field"
"Media","DispersionSI",,"cyvSI_2","[ug/m3]/[g/sec-m2]","Normalized air concentration over buffer (vapor)","Site-specific",,,"Constant",,,"",,"Fate_constant:Dispersion",0,"Cyv_buffer"
"Media","DispersionSI",,"cyvSI_3","[ug/m3]/[g/sec-m2]","Normalized air concentration over index reservoir (vapor)","Site-specific",,,"Constant",,,"",,"Fate_constant:Dispersion",0,"Cyv_reserv"
"Media","DispersionSI",,"cyvSI_4","[ug/m3]/[g/sec-m2]","Normalized air concentration over watershed (vapor)","Site-specific",,,"Constant",,,"",,"Fate_constant:Dispersion",0,"Cyv_RWS"
"Media","DispersionSI",,"cyvSI_5","[ug/m3]/[g/sec-m2]","Normalized air concentration over farmpond (vapor)","Site-specific",,,"Constant",,,"",,"Fate_constant:Dispersion",0,"Cyv_pond"
"Media","DispersionSI",,"DydpSI_1","[g/m2-yr]/[g/sec-m2]","Normalized dry deposition over field (particle)","Site-specific",,,"Constant",,,"",,"Fate_constant:Dispersion",0,"Dydp_field"
"Media","DispersionSI",,"DydpSI_2","[g/m2-yr]/[g/sec-m2]","Normalized dry deposition over buffer (particle)","Site-specific",,,"Constant",,,"",,"Fate_constant:Dispersion",0,"Dydp_buffer"
"Media","DispersionSI",,"DydpSI_3","[g/m2-yr]/[g/sec-m2]","Normalized dry deposition over index reservoir (particle)","Site-specific",,,"Constant",,,"",,"Fate_constant:Dispersion",0,"Dydp_reserv"
"Media","DispersionSI",,"DydpSI_4","[g/m2-yr]/[g/sec-m2]","Normalized dry deposition over watershed (particle)","Site-specific",,,"Constant",,,"",,"Fate_constant:Dispersion",0,"Dydp_RWS"
"Media","DispersionSI",,"DydpSI_5","[g/m2-yr]/[g/sec-m2]","Normalized dry deposition over farm pond (particle)","Site-specific",,,"Constant",,,"",,"Fate_constant:Dispersion",0,"Dydp_pond"
"Media","DispersionSI",,"DydvSI_1","[g/m2-yr]/[g/sec-m2]","Normalized dry deposition over field (vapor)","Site-specific",,,"Constant",,,"",,"Fate_constant:Dispersion",0,"Dydv_field"
"Media","DispersionSI",,"DydvSI_2","[g/m2-yr]/[g/sec-m2]","Normalized dry deposition over buffer (vapor)","Site-specific",,,"Constant",,,"",,"Fate_constant:Dispersion",0,"Dydv_buffer"
"Media","DispersionSI",,"DydvSI_3","[g/m2-yr]/[g/sec-m2]","Normalized dry deposition over index reservoir (vapor)","Site-specific",,,"Constant",,,"",,"Fate_constant:Dispersion",0,"Dydv_reserv"
"Source","SI","SI","AquSATK","[m/yr]","Saturated hydraulic conductivity (aquifer)","1890",143,,"Constant",,,"1890",,"tbl_Model_Parameters:SI",0,"AquSATK"
"Source","SI","SI","AquThick","[m]","Saturated zone thickness","14.3",143,,"Constant",,,"14.3",,"tbl_Model_Parameters:SI",0,"AquThick"
"Source","SI","SI","SrcPh","[pH units]","pH of the SI influent","7",143,,"Constant",,,"7",,"tbl_Model_Parameters:SI",0,"SrcPh"
"Source","SI","SI","SrcTemp","[deg C]","Temperature of the waste","20",143,,"Constant",,,"20",,"tbl_Model_Parameters:SI",0,"SrcTemp"
"Source","SI","SI","VadSATK","[cm/h]","Saturated hydraulic conductivity of vadose zone soil","0.0089",143,,"Constant",,,"0.0089",,"tbl_Model_Parameters:SI",0,"VadSATK"
"Source","SI","SI","VadThick","[m]","Thickness of vadose zone","6.1",143,,"Constant",,,"6.1",,"tbl_Model_Parameters:SI",0,"VadThick"
"Source","SI","SI","VadAlpha","[1/cm]","Soil retention parameter alpha (vadose zone)","0.00152",143,,"Constant",,,"0.00152",,"tbl_Model_Parameters:SI",0,"VadAlpha"
"Source","SI","SI","VadBeta","[dimensionless]","Soil retention parameter beta (vadose zone)","1.37",143,,"Constant",,,"1.37",,"tbl_Model_Parameters:SI",0,"VadBeta"
"Source","Model",,"CPDirectory","NA","Location of CP data","C:\Users\LYUAN\OneDrive - Environmental Protection Agency (EPA)\Desktop\work\bst\code\BST\HWIR\CPDat",,,"Constant",,,"C:\Users\LYUAN\OneDrive - Environmental Protection Agency (EPA)\Desktop\work\bst\code\BST\HWIR\CPDat",,"tbl_Model_Parameters:System",0,"CPDirectory"
,,,"AirTemp","[C]","Average air temperature","Specific",,,,,,"",,"Fate_constant:Regional",0,"AirTemp"
,,,"ALPHA","NA","ALPHA = 0.5 indicates central difference, ALPHA = 1 indicates backward difference","Specific",,,,,,"",,"Fate_constant:System",0,"ALPHA"
,,,"AppDepth","[m]","Depth of biosolids incorporation","Specific",,,,,,"",,"Fate_constant:Derived",0,"AppDepth"
,,,"Area_1","[m2]","Area (field)","Specific",,,,,,"",,"Fate_constant:Distn",0,"Area_field"
,,,"Area_2","[m2]","Area (buffer)","Specific",,,,,,"",,"Fate_constant:Scenario",0,"Area_buffer"
,,,"Area_3","[m2]","Area (index reservoir)","Specific",,,,,,"",,"Fate_constant:Scenario",0,"Area_reserv"
,,,"Area_4","[m2]","Area (watershed)","Specific",,,,,,"",,"Fate_constant:Scenario",0,"Area_RWS"
,,,"asdm","[mm]","Mode of the aggregate size distribution","Specific",,,,,,"","Based on U.S. EPA, 1989","Fate_constant:Constant",0,"asdm"
,,,"bcm","NA","Lower boundary condition multiplier","Specific",,,,,,"","RTI, 2000","Fate_constant:System",0,"bcm"
,,,"BD","[g/cm3]","Bulk density (soil)","Specific",,,,,,"",,"Fate_constant:Soil",0,"Bdsoil"
,,,"BDw","[g DW/cm3]","Dry bulk density (biosolids)","Specific",,,,,,"","need ref from Steve","Fate_constant:Constant",0,"Bdwaste"
,,,"bsp","[fraction]","Porosity (bed sediment)","Specific",,,,,,"","U.S.EPA, 1998","Fate_constant:Constant",0,"bsp"
,,,"C","[fraction]","USLE cover management factor","Specific",,,,,,"",,"Fate_constant:Landuse",0,"C"
,,,"CAS","NA","Chemical Abstracts Service number","Chemical Specific",,"required","Constant",50000.00,,"3380345",,"Chemical_constant",0,"CAS"
,,,"ChemName","NA","Chemical name","Chemical Specific",,"required","Constant",,,"Triclosan",,"Chemical_constant",0,"ChemName"
,,,"ChemType","NA","Type of chemical (organic, metal/inorganic)","Chemical Specific",,"required","Constant",,,"O",,"Chemical_constant",1,"ChemType"
,,,"CN","[dimensionless ratio]","SCS curve number (watershed)","Specific",,,,,,"",,"Fate_constant:SoilGroup",0,"Cnwatershed"
,,,"CNwmu","[dimensionless ratio]","SCS curve number (field)","Specific",,,,,,"",,"Fate_constant:SoilGroup",0,"CNwmu"
,,,"ConVs","[m/day]","Settling velocity","Specific",,,,,,"",,"Fate_constant:Distn",0,"ConVs"
,,,"CTPWasteDry","[ug/g DW]","Dry biosolids concentration","Chemical Specific",,"CTPWaste is used by model",,1.0e-15,1.0e+06,"62.2",,"Chemical_constant",0,"CTPWasteDry"
,,,"CubicPolyYCoeff","NA","Parameter used in spline calculations",,,,,,,"",,"tbl_Model_Parameters:System",0,"CubicPolyYCoeff"
,,,"CutOffYr","[yrs]","Number of year of biosolids applications to field","Specific",,,,,,"",,"Fate_constant:Distn",0,"OpLife"
,,,"Cwmu","[fraction]","USLE cover factor (field)","Specific",,,,,,"",,"Fate_constant:Landuse",0,"Cwmu"
,,,"DAF","[mg/L leachate]/[mg/L GW]","Dilution attenuation factor for groundwater","1",144,"Current value stored in temp field","Constant",,,"1",,"tbl_Model_Parameters:System",0,"DAF"
,,,"db","[m]","Depth of upper benthic layer","Specific",,,,,,"","U.S.EPA, 1998","Fate_constant:Constant",0,"db"
,,,"DelT","[days]","Time step","Specific",,,,,,"",,"Fate_constant:System",0,"DelT"
,,,"deltDiv","NA","Time step divider for debugging","Specific",,,,,,"",,"Fate_constant:System",0,"deltDiv"
,,,"DRZ","[cm]","Root zone depth","Specific",,,,,,"",,"Fate_constant:Distn",0,"DRZ"
,,,"DTR","[m2/m3]","Drainage area to capacity ratio (watershed)","Specific",,,,,,"",,"Fate_constant:Site",0,"DTR"
,,,"dwc_3","[m]","Water column depth (index reservoir)","Specific",,,,,,"","Based on data in U.S. EPA, 2001. FQPA Index Reservoir Screening Tool","Fate_constant:Constant",0,"dwc_reservoir"
,,,"dwc_5","[m]","Water column depth (farm pond)","Specific",,,,,,"",,"Fate_constant:Constant",0,"dwc_pond"
,,,"Dynamic","NA","Y = dynamic, N = steady-state","Specific",,,,,,"",,"Fate_constant:System",0,"Dynamic"
,,,"DynLoadSecNum","NA","Number of the section with the dynamic load","Specific",,,,,,"",,"Fate_constant:System",0,"DynLoadSecNum"
,,,"DynParm","NA","Y= A-marix parameters are time-variable, else N","Specific",,,,,,"",,"Fate_constant:System",0,"DynParm"
,,,"DynPrint","NA","Output concentrations in all sections at one time(V) oroutput concentrations in one sections at various time(T)","Specific",,,,,,"",,"Fate_constant:System",0,"DynPrint"
,,,"DynType","NA","1 for Euler's method, 2 for MacCormick's method, 3 for BTCS method","Specific",,,,,,"",,"Fate_constant:System",0,"DynType"
,,,"effdust","[fraction]","Dust suppression control efficiency (field)","Specific",,,,,,"",,"Fate_constant:Distn",0,"effdust"
,,,"fcult","[count]","Number of cultivations per application","Specific",,,,,,"",,"Fate_constant:Landuse",0,"fcult"
,,,"fd","[1/mo]","Frequency of surface disturbances on field","Specific",,,,,,"",,"Fate_constant:Landuse",0,"fd"
,,,"foc_bs","[fraction]","Fraction organic carbon (bed sediments)","Specific",,,,,,"","U.S. EPA, 1997","Fate_constant:Constant",0,"foc_bedsed"
,,,"foc_soil","[fraction]","Fraction organic carbon (soil)","Specific",,,,,,"","Calculated based on U.S. EPA  EPACMTP, 1997","Fate_constant:Derived",0,"foc_soil"
,,,"foc_sw","[fraction]","Fraction organic carbon (suspended sediments)","Specific",,,,,,"","U.S. EPA, 1997","Fate_constant:Constant",0,"foc_sw"
,,,"focW","[fraction]","Fraction organic carbon (biosolids)","Specific",,,,,,"",,"Fate_constant:Waste",0,"foc_biosolids"
,,,"fwmu","[fraction]","Fraction of biosolids in field","Specific",,,,,,"","Set to 1, assuming that waste is not mixed","Fate_constant:Constant",0,"fwmu"
,,,"Huc_Region","NA","Hydrologic unit","Specific",,,,,,"",,"Fate_constant:Site",0,"Huc_Region"
,,,"Infild","[m/day]","Input infiltration rate for debugging","Specific",,,,,,"",,"Fate_constant:System",0,"Infild"
,,,"K","[kg/m2]","USLE erodability factor (watershed)","Specific",,,,,,"",,"Fate_constant:Soil",0,"K"
,,,"Ksat","[cm/hr]","Saturated hydraulic conductivity","Specific",,,,,,"",,"Fate_constant:Soil",0,"Ksat"
,,,"Kwmu","[kg/m2]","USLE erodibility factor (field)","Specific",,,,,,"",,"Fate_constant:Soil",0,"Kwmu"
"Waterbody",,,"LAUfrac","[fraction]","Fraction of upstream watershed that is the field","0.5",,"Modified for VVWM","Constant",,,"0.5",,"tbl_Model_Parameters:WB",0,"LAUfrac"
,,,"Lc","[dimensionless ratio]","Soil roughness ratio","specific",,,,,,"",,"Fate_constant:Distn",0,"Lc"
,,,"Linear","NA","Y = linear, N = nonlinear","Specific",,,,,,"",,"Fate_constant:System",0,"Linear"
,,,"LS","[empirical]","USLE length-slope factor (watershed)","Specific",,,,,,"","Calculated from length and slope based on Williams and Berndt, 1997","Fate_constant:Derived",0,"LS"
,,,"MAS","NA","Maximum number of adjacent sections","Specific",,,,,,"",,"Fate_constant:System",0,"MAS"
,,,"MetSta","NA","Met station identifier","Specific",,,,,,"",,"Fate_constant:Site",0,"MetSta"
,,,"mt","[m]","Distance vehicle travels on field","Specific",,,,,,"","Set to 0, assuming that no regular vehicular activity occurs on the agricultural field","Fate_constant:Constant",0,"mt"
,,,"N","[fraction]","Saturated volumetric water content (porosity)","Specific",,,,,,"",,"Fate_constant:Soil",0,"N"
,,,"Nappl","[1/yr]","Number of biosolids applications per year","Specific",,,,,,"","U.S. EPA (typical agricultural application frequency)","Fate_constant:Constant",0,"Nappl"
,,,"NB","NA","Number of boundary sections","Specific",,,,,,"",,"Fate_constant:System",0,"NB"
,,,"NSV","NA","Number of state variables","Specific",,,,,,"",,"Fate_constant:System",0,"NSV"
,,,"NumPrintInterval","[days]","Time step printing interval","Specific",,,,,,"",,"Fate_constant:System",0,"NumPrintInterval"
,,,"NumSectnPrint","NA","Section to output concentrations for","Specific",,,,,,"",,"Fate_constant:System",0,"NumSectnPrint"
,,,"NumSplineConc","NA","Number of concentration data points for constructing 2-D spline","44",146,,"Constant",,,"44",,"tbl_Model_Parameters:System",0,"NumSplineConc"
,,,"NumSplinepH","NA","Number of Ph data points for constructing 2-D spline","9",146,,"Constant",,,"9",,"tbl_Model_Parameters:System",0,"NumSplinepH"
,,,"NumWSSub","NA","Number of watershed sub basins","1",,,,,,"",,"Fate_constant:System",0,"NumWSSub"
,,,"nv","[1/day]","Number of vehicles per day on field","Specific",,,,,,"","Set to 0, assuming that no regular vehicular activity occurs on the agricultural field","Fate_constant:Constant",0,"nvehicles"
,,,"nw","[count]","Number of wheels on each vehicle","Specific",,,,,,"",,"Fate_constant:Constant",0,"nwheels"
,,,"NyrMax","[yrs]","Maximum model simulation time","Specific",,,,,,"","Chosen to ensure that the entire time period in which receptors may be exposed was modeled. Value is based on the fact that exposure must begin sometime during the operation of the unit.  Max operating life is 40 yrs, max exposure duration is 10 yrs","Fate_constant:Constant",0,"NyrMax"
,,,"P","[fraction]","USLE supporting practice factor (watershed)","Specific",,,,,,"",,"Fate_constant:Landuse",0,"P"
,,,"pHFreq","[yrs]","Frequency of pH change = frequency of application","2",,,,,,"",,"tbl_Model_Parameters:WMU",0,"pHFreq"
,,,"pHParams","NA","Parameters used in function for determining pH as a function of year, given an application frequency of CKD",,,,,,,"",,"tbl_Model_Parameters:System",0,"pHParams"
,,,"PI_1","[%]","Percent impervious (field)","Specific",,,,,,"",,"Fate_constant:Landuse",0,"PI_field"
,,,"PI_4","[%]","Percent impervious (watershed)","Specific",,,,,,"",,"Fate_constant:Landuse",0,"PI_RWS"
,,,"Pwmu","[empirical]","USLE erosion control factor (field)","Specific",,,,,,"",,"Fate_constant:Landuse",0,"Pwmu"
,,,"R","[1/yr]","USLE rainfall/erosivity factor","Specific",,,,,,"",,"Fate_constant:Regional",0,"R"
,,,"Rappl","[MTwet/m2-yr]","Biosolids application rate (wet weight)","Specific",,,,,,"","U.S. EPA, 1995","Fate_constant:Distn",0,"Rappl"
,,,"RunID","NA","Run identification label (optional)",,,"Current value stored in temp field",,,,"",,"tbl_Model_Parameters:System",0,"RunID"
,,,"RWS_frac","[fraction]","Fraction of field treated with biosolids","Specific",,,,,,"",,"Fate_constant:Distn",0,"RWS_frac"
,,,"Sed_Density","[mg/L]","Density of sediment solids (not bulk density)","Specific",,,,,,"",,"Fate_constant:Constant",0,"Sed_Density"
,,,"SiteID","NA","Site number",,,"Current value stored in temp field",,,,"",,"tbl_Model_Parameters:System",0,"SiteID"
,,,"SiteLatitude","[degrees]","Site latitude","Specific",,,,,,"",,"Fate_constant:Site",0,"SiteLatitude"
,,,"SiteSeed","NA","Random seed for each site","55403126",,,,,,"",,"tbl_Model_Parameters:System",0,"SiteSeed"
,,,"SMb","[volume %]","Soil moisture coefficient","Specific",,,,,,"",,"Fate_constant:Soil",0,"SMb"
,,,"SMFC","[volume %]","Soil moisture field capacity","Specific",,,,,,"",,"Fate_constant:SoilGroup",0,"SMFC"
,,,"SMWP","[volume %]","Soil moisture wilting point","Specific",,,,,,"",,"Fate_constant:SoilGroup",0,"SMWP"
,,,"solid","[mass %]","Percent solids in land applied biosolids","Specific",,,,,,"",,"Fate_constant:Waste",0,"%solids"
,,,"SrcID","NA","Type of waste management unit","Specific",,,,,,"",,"Fate_constant:Scenario",0,"SrcID"
,,,"SrcLWSNumSubArea","NA","Number of  local watershed subareas","Specific",,,,,,"",,"Fate_constant:System",0,"SrcLWSNumSubArea"
,,,"SrcLWSSubAreaIndex","NA","Local watershed subarea containing field","Specific",,,,,,"",,"Fate_constant:System",0,"SrcLWSSubAreaIndex"
,,,"SrcNumLWS","NA","Number of local watersheds","Specific",,,,,,"",,"Fate_constant:System",0,"SrcNumLWS"
,,,"SrcType","NA","One of {LAU, LF, WP, AT, SI}","Specific",,"Current value stored in temp field",,,,"",,"tbl_Model_Parameters:System",0,"SrcType"
,,,"SrcTypeID","NA","1 = crop, 2 = pasture, 3 = reclamation","Specific",,"Current value stored in temp field",,,,"",,"tbl_Model_Parameters:System",0,"SrcTypeID"
,,,"Ss","[mass %]","Silt content of soil","Specific",,,,,,"",,"Fate_constant:Soil",0,"Ss"
,,,"Sw","[mass %]","Silt content of biosolids","Specific",,,,,,"",,"Fate_constant:Waste",0,"Sw"
,,,"td","[yrs]","Time period of deposition","Specific",,,,,,"","Chosen to ensure that the receptor always began exposure sometime during the operating life of the unit","Fate_constant:Constant",0,"td"
,,,"TermFrac","[fraction]","Peak output fraction for simulation termination","Specific",,,,,,"",,"Fate_constant:System",0,"TermFrac"
,,,"Theta","[degrees]","Slope of watershed","Specific",,,,,,"",,"Fate_constant:Soil",0,"Theta"
,,,"Theta_water","[empirical]","Temperature correction factor","Specific",,,,,,"",,"Fate_constant:Constant",0,"Theta_water"
,,,"thetawZ1d","[volume fraction]","Volumetric water content in field till zone (for debugging)","Specific",,,,,,"",,"Fate_constant:System",0,"thetawZ1d"
,,,"thetawZ2d","[volume fraction]","Volumetric water content in field subsoil zone (for debugging)","Specific",,,,,,"",,"Fate_constant:System",0,"thetawZ2d"
,,,"Tilled","NA","Flag for whether waste is tilled (1) or not (0)","Specific",,,,,,"",,"Fate_constant:System",0,"Tilled"
,,,"Twater1","[deg K]","Waterbody temperature (January)","Specific",,,,,,"",,"Fate_constant:Regional",0,"Twater01"
,,,"Twater10","[deg K]","Waterbody temperature (October)","Specific",,,,,,"",,"Fate_constant:Regional",0,"Twater10"
,,,"Twater11","[deg K]","Waterbody temperature (November)","Specific",,,,,,"",,"Fate_constant:Regional",0,"Twater11"
,,,"Twater12","[deg K]","Waterbody temperature (December)","Specific",,,,,,"",,"Fate_constant:Regional",0,"Twater12"
,,,"Twater2","[deg K]","Waterbody temperature (February)","Specific",,,,,,"",,"Fate_constant:Regional",0,"Twater02"
,,,"Twater3","[deg K]","Waterbody temperature (March)","Specific",,,,,,"",,"Fate_constant:Regional",0,"Twater03"
,,,"Twater4","[deg K]","Waterbody temperature (April)","Specific",,,,,,"",,"Fate_constant:Regional",0,"Twater04"
,,,"Twater5","[deg K]","Waterbody temperature (May)","Specific",,,,,,"",,"Fate_constant:Regional",0,"Twater05"
,,,"Twater6","[deg K]","Waterbody temperature (June)","Specific",,,,,,"",,"Fate_constant:Regional",0,"Twater06"
,,,"Twater7","[deg K]","Waterbody temperature (July)","Specific",,,,,,"",,"Fate_constant:Regional",0,"Twater07"
,,,"Twater8","[deg K]","Waterbody temperature (August)","Specific",,,,,,"",,"Fate_constant:Regional",0,"Twater08"
,,,"Twater9","[deg K]","Waterbody temperature (September)","Specific",,,,,,"",,"Fate_constant:Regional",0,"Twater09"
,,,"U","[m/sec]","Current velocity","Specific",,,,,,"",,"Fate_constant:Constant",0,"U"
,,,"uw","[m/sec]","Mean annual wind speed","Specific",,,,,,"",,"Fate_constant:Regional",0,"uw"
,,,"veg","[fraction]","Fraction vegetative cover (field)","Specific",,,,,,"",,"Fate_constant:Distn",0,"veg"
,,,"VolBed_3","[m3]","Volume of sediment compartment (index reservoir)","Specific",,,,,,"",,"Fate_constant:Derived",0,"VolBed_reserv"
,,,"VolWC_3","[m3]","Volume of water column (index reservoir)","Specific",,,,,,"",,"Fate_constant:Derived",0,"VolWC_reserv"
,,,"Vs_WB","[m/day]","Settling velocity (suspended solids in waterbody)","Specific",,,,,,"",,"Fate_constant:Distn",0,"Vs_WB"
,,,"vw","[MT]","Vehicle weight","2.1",,,,,,"",,"Fate_constant:Constant",0,"vw"
,,,"WCP","[fraction]","Porosity (water column)","Specific",,,,,,"","Based on low TSS concentration in the water column","Fate_constant:Constant",0,"WCP"
,,,"WCS","[mL/cm3]","Porosity/saturated volumetric water content (soil)","Specific",,,,,,"",,"Fate_constant:Soil",0,"WCS"
,,,"WSpH","[pH units]","Soil pH (watershed)","Specific",,,,,,"",,"Fate_constant:Soil",0,"WSpH"
,,,"X","[m]","Flowlength (watershed)","Specific",,,,,,"",,"Fate_constant:Derived",0,"X"
,,,"zava","[m]","Upper averaging depth for soil concentration","Specific",,,,,,"",,"Fate_constant:Derived",0,"zavg_upper"
,,,"zavb","[m]","Lower averaging depth for soil concentration","Specific",,,,,,"",,"Fate_constant:Derived",0,"zavg_lower"
,,,"zruf","[cm]","Roughness height (field)","Specific",,,,,,"",,"Fate_constant:Landuse",0,"zruf"
,,,"Zt","[cm]","Mixing depth of tilled soil (field)","Specific",,,,,,"",,"Fate_constant:Constant",0,"Zmix_tilled"
,,,"Zu","[cm]","Mixing depth of untilled soil (field)","Specific",,,,,,"",,"Fate_constant:Constant",0,"Zmix_untilled"
,,,"zZ1sa","[m]","Depth of modeled soil column","Specific",,,,,,"",,"Fate_constant:Derived",0,"Zmodeled"
,,,"zZ1WMU","[m]","Tilling depth","Specific",,,,,,"",,"Fate_constant:Constant",0,"Ztilling"
,,,"zZ2WMU","[m]","Subsoil layer thickness","Specific",,,,,,"",,"Fate_constant:Derived",0,"Zsubsoil"
,"Chemical","Chemical Property","Density","[g/cm3]","Density (chemical)","Chemical Specific",,"requred for inorganics","Constant",0.00,23.00,"",,"Chemical_constant",0,"Density"
,"Chemical","Chemical Property","MW","[g/mol]","Molecular weight","Chemical specific",,"required","Constant",6.00,1000.00,"289.55",,"Chemical_constant",0,"MW"
,"Chemical","Chemical Property","Sol","[mg/L]","Solubility","Chemical specific",,"required, >0","Constant",1.0e-12,1.0e+06,"5.5",,"Chemical_constant",0,"Sol"
,"Chemical","Chemical Property","tb","[deg C]","Boiling point","Chemical specific",,"default -9999","Constant",0.00,5000.00,"285",,"Chemical_constant",0,"tb"
,"Chemical","Chemical Property","UseRfDPath","NA","True if pathway-specific value is to be used","Chemical specific",,,"Constant",-1.00,0.00,"0",,"Chemical_constant",0,"UseRfDPath"
"BreastMilkMediaRisk","Exposure",,"ED_1","[yrs]","Exposure duration (child aged 1-5)","Run Specific",140,,"Distribution",,,"13",,"Exposure_constant",0,"ED_child1-5"
"BreastMilkMediaRisk","Exposure",,"ED_2","[yrs]","Exposure duration (child aged 6-11)","Run Specific",140,,"Distribution",,,"13",,"Exposure_constant",0,"ED_child6-11"
"BreastMilkMediaRisk","Exposure",,"ED_3","[yrs]","Exposure duration (child aged 12-19)","Run Specific",140,,"Distribution",,,"13",,"Exposure_constant",0,"ED_child12-19"
"BreastMilkMediaRisk","Exposure",,"ED_4","[yrs]","Exposure duration (adult)","Receptor Specific",140,,"Distribution",,,"48",,"Exposure_constant",0,"ED_adult"
"BreastMilkRisk","Exposure",,"AT","[yrs]","Averaging time for human exposure (cancer)","70",165,,"Constant",,,"70",,"tbl_Model_Parameters:ExpFactor",0,"AT"
"Media","Chemical","Biotransfer","Bs","[fraction]","Bioavailability of contaminant in soil relative to vegetation","Chemical Specific",,"default 1","Constant",0.00,1.00,"1",,"Chemical_constant",0,"Bs"
"Media","Chemical","Chemical Property","Kanaer","[1/day]","Anaerobic degradation rate (sediment)","Chemical Specific",,"default 0","Constant",0.00,2.00,"0.0099",,"Chemical_constant",0,"Kanaer"
"Media","Chemical","Chemical Property","Kd","[L/kg]","Soil-water partition coefficient","Chemical Specific",,"required for inorganics","Distribution",0.00,10000.00,"",,"Chemical_constant",0,"Kd"
"Media","Chemical","Chemical Property","Kh","[1/day]","Hydrolysis rate","Chemical Specific",,"default 0","Constant",0.00,50.00,"0",,"Chemical_constant",0,"Kh"
"Media","Chemical","Chemical Property","Koc","[mL/g]","Organic carbon partition coefficient","Chemical Specific",,"required","Constant",0.00,1.0e+09,"15850",,"Chemical_constant",0,"Koc"
"Media","Chemical","Chemical Property","ksoil","[1/day]","Biodegradation rate (soil)","Chemical Specific",,"default 0","Constant",0.00,100.00,"0.0385",,"Chemical_constant",0,"ksoil"
"Media","Dispersion",,"Cyp_1","[ug/m3]/[g/sec-m2]","Normalized air concentration over field (particle)","Site-specific",,,"Constant",,,"",,"Fate_constant:Dispersion",0,"Cyp_field"
"Media","Dispersion",,"Cyp_2","[ug/m3]/[g/sec-m2]","Normalized air concentration over buffer (particle)","Site-specific",,,"Constant",,,"",,"Fate_constant:Dispersion",0,"Cyp_buffer"
"Media","Dispersion",,"Cyp_3","[ug/m3]/[g/sec-m2]","Normalized air concentration over index reservoir (particle)","Site-specific",,,"Constant",,,"",,"Fate_constant:Dispersion",0,"Cyp_reserv"
"Media","Dispersion",,"Cyp_4","[ug/m3]/[g/sec-m2]","Normalized air concentration over watershed (particle)","Site-specific",,,"Constant",,,"",,"Fate_constant:Dispersion",0,"Cyp_RWS"
"Media","Dispersion",,"Cyp_5","[ug/m3]/[g/sec-m2]","Normalized air concentration over farm pond (particle)","Site-specific",,,"Constant",,,"",,"Fate_constant:Dispersion",0,"Cyp_pond"
"Media","Dispersion",,"Cyv_1","[ug/m3]/[g/sec-m2]","Normalized air concentration over field (vapor)","Site-specific",,,"Constant",,,"",,"Fate_constant:Dispersion",0,"Cyv_field"
"Media","Dispersion",,"Cyv_2","[ug/m3]/[g/sec-m2]","Normalized air concentration over buffer (vapor)","Site-specific",,,"Constant",,,"",,"Fate_constant:Dispersion",0,"Cyv_buffer"
"Media","Dispersion",,"Cyv_3","[ug/m3]/[g/sec-m2]","Normalized air concentration over index reservoir (vapor)","Site-specific",,,"Constant",,,"",,"Fate_constant:Dispersion",0,"Cyv_reserv"
"Media","Dispersion",,"Cyv_4","[ug/m3]/[g/sec-m2]","Normalized air concentration over watershed (vapor)","Site-specific",,,"Constant",,,"",,"Fate_constant:Dispersion",0,"Cyv_RWS"
"Media","Dispersion",,"Cyv_5","[ug/m3]/[g/sec-m2]","Normalized air concentration over farmpond (vapor)","Site-specific",,,"Constant",,,"",,"Fate_constant:Dispersion",0,"Cyv_pond"
"Media","Dispersion",,"Dydp_1","[g/m2-yr]/[g/sec-m2]","Normalized dry deposition over field (particle)","Site-specific",,,"Constant",,,"",,"Fate_constant:Dispersion",0,"Dydp_field"
"Media","Dispersion",,"Dydp_2","[g/m2-yr]/[g/sec-m2]","Normalized dry deposition over buffer (particle)","Site-specific",,,"Constant",,,"",,"Fate_constant:Dispersion",0,"Dydp_buffer"
"Media","Dispersion",,"Dydp_3","[g/m2-yr]/[g/sec-m2]","Normalized dry deposition over index reservoir (particle)","Site-specific",,,"Constant",,,"",,"Fate_constant:Dispersion",0,"Dydp_reserv"
"Media","Dispersion",,"Dydp_4","[g/m2-yr]/[g/sec-m2]","Normalized dry deposition over watershed (particle)","Site-specific",,,"Constant",,,"",,"Fate_constant:Dispersion",0,"Dydp_RWS"
"Media","Dispersion",,"Dydp_5","[g/m2-yr]/[g/sec-m2]","Normalized dry deposition over farm pond (particle)","Site-specific",,,"Constant",,,"",,"Fate_constant:Dispersion",0,"Dydp_pond"
"Media","Dispersion",,"Dydv_1","[g/m2-yr]/[g/sec-m2]","Normalized dry deposition over field (vapor)","Site-specific",,,"Constant",,,"",,"Fate_constant:Dispersion",0,"Dydv_field"
"Media","Dispersion",,"Dydv_2","[g/m2-yr]/[g/sec-m2]","Normalized dry deposition over buffer (vapor)","Site-specific",,,"Constant",,,"",,"Fate_constant:Dispersion",0,"Dydv_buffer"
"Media","Dispersion",,"Dydv_3","[g/m2-yr]/[g/sec-m2]","Normalized dry deposition over index reservoir (vapor)","Site-specific",,,"Constant",,,"",,"Fate_constant:Dispersion",0,"Dydv_reserv"
"Media","Dispersion",,"Dydv_4","[g/m2-yr]/[g/sec-m2]","Normalized dry deposition over watershed (vapor)","Site-specific",,,"Constant",,,"",,"Fate_constant:Dispersion",0,"Dydv_RWS"
"Media","Dispersion",,"Dydv_5","[g/m2-yr]/[g/sec-m2]","Normalized dry deposition over farm pond (vapor)","Site-specific",,,"Constant",,,"",,"Fate_constant:Dispersion",0,"Dydv_pond"
"Media","Dispersion",,"Dywp_1","[g/m2-yr]/[g/sec-m2]","Normalized wet deposition over field (particle)","Site-specific",,,"Constant",,,"",,"Fate_constant:Dispersion",0,"Dywp_field"
"Media","Dispersion",,"Dywp_2","[g/m2-yr]/[g/sec-m2]","Normalized wet deposition over buffer (particle)","Site-specific",,,"Constant",,,"",,"Fate_constant:Dispersion",0,"Dywp_buffer"
"Media","Dispersion",,"Dywp_3","[g/m2-yr]/[g/sec-m2]","Normalized wet deposition over index reservoir (particle)","Site-specific",,,"Constant",,,"",,"Fate_constant:Dispersion",0,"Dywp_reserv"
"Media","Dispersion",,"Dywp_4","[g/m2-yr]/[g/sec-m2]","Normalized wet deposition over  watershed (particle)","Site-specific",,,"Constant",,,"",,"Fate_constant:Dispersion",0,"Dywp_RWS"
"Media","Dispersion",,"Dywp_5","[g/m2-yr]/[g/sec-m2]","Normalized wet deposition over farm pond (particle)","Site-specific",,,"Constant",,,"",,"Fate_constant:Dispersion",0,"Dywp_pond"
"Media","Dispersion",,"Dywv_1","[g/m2-yr]/[g/sec-m2]","Normalized wet deposition over field (vapor)","Site-specific",,,"Constant",,,"",,"Fate_constant:Dispersion",0,"Dywv_field"
"Media","Dispersion",,"Dywv_2","[g/m2-yr]/[g/sec-m2]","Normalized wet deposition over buffer (vapor)","Site-specific",,,"Constant",,,"",,"Fate_constant:Dispersion",0,"Dywv_buffer"
"Media","Dispersion",,"Dywv_3","[g/m2-yr]/[g/sec-m2]","Normalized wet deposition over index reservoir (vapor)","Site-specific",,,"Constant",,,"",,"Fate_constant:Dispersion",0,"Dywv_reserv"
"Media","Dispersion",,"Dywv_4","[g/m2-yr]/[g/sec-m2]","Normalized wet deposition over  watershed (vapor)","Site-specific",,,"Constant",,,"",,"Fate_constant:Dispersion",0,"Dywv_RWS"
"Media","Dispersion",,"Dywv_5","[g/m2-yr]/[g/sec-m2]","Normalized wet deposition over farm pond (vapor)","Site-specific",,,"Constant",,,"",,"Fate_constant:Dispersion",0,"Dywv_pond"
"MediaRisk","Chemical","Chemical Property","Vdv ","[cm/sec]","Dry deposition velocity (vapor)","1",158,,"Constant",,,"1",,"tbl_Model_Parameters:Chem",0,"Vdv "
"MediaShower","Chemical","Chemical Property","Da","[cm2/s]","Diffusivity in air","Chemical Specific",,"required","Constant",0.00,1.00,"0.0438",,"Chemical_constant",0,"Da"
"MediaShower","Chemical","Chemical Property","Dw","[cm2/s]","Diffusion coefficient in water","Chemical Specific",,"required","Constant",0.00,0.01,"6.2E-6",,"Chemical_constant",0,"Dw"
"MediaShower","Chemical","Chemical Property","HLC","[atm-m3/mol]","Henry's law constant","Chemical Specific",,"required","Constant",0.00,10.00,"5E-9",,"Chemical_constant",0,"HLC"
"MediaSource","Chemical","Chemical Property","NumChem","NA","Chemical number for source model","1",146,,"Constant",,,"1",,"tbl_Model_Parameters:System",0,"NumChem"
"Risk","Biota","Cattle","DF_forage_beef","[fraction]","Diet fraction, forage (beef cattle)","0.72",25,"Calc'd from Qforage/Qtotal","Constant",,,"0.72",,"tbl_Model_Parameters:Biota",0,"DF_forage_beef"
"Risk","Biota","Cattle","DF_forage_milk","[fraction]","Diet fraction, forage (dairy cattle)","0.64",25,"Calc'd from Qforage/Qtotal","Constant",,,"0.64",,"tbl_Model_Parameters:Biota",0,"DF_forage_milk"
"Risk","Biota","Cattle","DF_silage_beef","[fraction]","Diet fraction, silage (beef cattle)","0.2",25,"Calc'd from Qsilage/Qtotal","Constant",,,"0.2",,"tbl_Model_Parameters:Biota",0,"DF_silage_beef"
"Risk","Biota","Cattle","DF_silage_milk","[fraction]","Diet fraction, silage (dairy cattle)","0.2",25,"Calc'd from Qsilage/Qtotal","Constant",,,"0.2",,"tbl_Model_Parameters:Biota",0,"DF_silage_milk"
"Risk","Biota","Cattle","DF_soil_beef","[fraction]","Diet fraction, soil (beef cattle)","0.04",25,"Calc'd from Qsoil/Qtotal","Constant",,,"0.04",,"tbl_Model_Parameters:Biota",0,"DF_soil_beef"
"Risk","Biota","Cattle","DF_soil_milk","[fraction]","Diet fraction, soil (dairy cattle)","0.02",25,"Calc'd from Qsoil/Qtotal","Constant",,,"0.02",,"tbl_Model_Parameters:Biota",0,"DF_soil_milk"
"Risk","Biota","Cattle","FF","[fraction]","Feedlot factor for beef fat","1",25,,"Constant",,,"1",,"tbl_Model_Parameters:ExpFactor",0,"FF"
"Risk","Biota","Fraction Contaminated","F_forage","[fraction]","Fraction contaminated (forage)","1",144,,"Constant",,,"1",,"tbl_Model_Parameters:ExpFactor",0,"F_forage"
"Risk","Biota","Fraction Contaminated","F_silage","[fraction]","Fraction contaminated (silage)","1",144,,"Constant",,,"1",,"tbl_Model_Parameters:ExpFactor",0,"F_silage"
"Risk","Biota","Vegetation","MAF_exfruit","[% water]","Moisture adjustment factor (exposed fruits)","86",140,,"Constant",,,"86",,"tbl_Model_Parameters:Biota",0,"MAF_exfruit"
"Risk","Biota","Vegetation","MAF_exveg","[% water]","Moisture adjustment factor (exposed vegetables)","90",140,,"Constant",,,"90",,"tbl_Model_Parameters:Biota",0,"MAF_exveg"
"Risk","Biota","Vegetation","MAF_forage","[% water]","Moisture adjustment factor (forage)","80",272,,"Constant",,,"80",,"tbl_Model_Parameters:Biota",0,"MAF_forage"
"Risk","Biota","Vegetation","MAF_grain","[% water]","Moisture adjustment factor (grain)","65",271,"used value for silage","Constant",,,"65",,"tbl_Model_Parameters:Biota",0,"MAF_grain"
"Risk","Biota","Vegetation","MAF_profruit","[% water]","Moisture adjustment factor (protected fruits)","88",140,,"Constant",,,"88",,"tbl_Model_Parameters:Biota",0,"MAF_profruit"
"Risk","Biota","Vegetation","MAF_proveg","[% water]","Moisture adjustment factor (protected vegetables)","87",140,,"Constant",,,"87",,"tbl_Model_Parameters:Biota",0,"MAF_proveg"
"Risk","Biota","Vegetation","MAF_root","[% water]","Moisture adjustment factor (root vegetables)","88",140,,"Constant",,,"88",,"tbl_Model_Parameters:Biota",0,"MAF_root"
"Risk","Biota","Vegetation","MAF_silage","[% water]","Moisture adjustment factor (silage)","65",271,,"Constant",,,"65",,"tbl_Model_Parameters:Biota",0,"MAF_silage"
"Risk","Biota","Vegetation","Rp_exfruit","[fraction]","Interception fraction (exposed fruit)","0.39",25,,"Constant",,,"0.39",,"tbl_Model_Parameters:Biota",0,"Rp_exfruit"
"Risk","Biota","Vegetation","Rp_exveg","[fraction]","Interception fraction (exposed vegetation)","0.39",25,,"Constant",,,"0.39",,"tbl_Model_Parameters:Biota",0,"Rp_exveg"
"Risk","Biota","Vegetation","Rp_feed","[fraction]","Interception fraction (feed)","0.46",25,,"Constant",,,"0.46",,"tbl_Model_Parameters:Biota",0,"Rp_feed"
"Risk","Biota","Vegetation","Rp_forage","[fraction]","Interception fraction (forage)","0.5",25,,"Constant",,,"0.5",,"tbl_Model_Parameters:Biota",0,"Rp_forage"
"Risk","Biota","Vegetation","Rp_silage","[fraction]","Interception fraction (silage)","0.46",25,,"Constant",,,"0.46",,"tbl_Model_Parameters:Biota",0,"Rp_silage"
"Risk","Biota","Vegetation","Tp_exfruit","[yrs]","Length of plant exposure to deposition (exposed fruit)","0.164",25,"= 45 days","Constant",,,"0.164",,"tbl_Model_Parameters:Biota",0,"Tp_exfruit"
"Risk","Biota","Vegetation","Tp_exveg","[yrs]","Length of plant exposure to deposition (exposed vegetables)","0.164",25,"= 45 days","Constant",,,"0.164",,"tbl_Model_Parameters:Biota",0,"Tp_exveg"
"Risk","Biota","Vegetation","Tp_feed","[yrs]","Length of plant exposure to deposition (feed)","0.164",25,"= 60 days","Constant",,,"0.164",,"tbl_Model_Parameters:Biota",0,"Tp_feed"
"Risk","Biota","Vegetation","Tp_forage","[yrs]","Length of plant exposure to deposition (forage)","0.123",25,"= 45 days","Constant",,,"0.123",,"tbl_Model_Parameters:Biota",0,"Tp_forage"
"Risk","Biota","Vegetation","Tp_silage","[yrs]","Length of plant exposure to deposition (silage)","0.164",25,"= 60 days","Constant",,,"0.164",,"tbl_Model_Parameters:Biota",0,"Tp_silage"
"Risk","Biota","Vegetation","VG_exfruit","[fraction]","Empirical correction factor (exposed fruit)","0.01",25,,"Constant",,,"0.01",,"tbl_Model_Parameters:Biota",0,"VG_exfruit"
"Risk","Biota","Vegetation","VG_exveg","[fraction]","Empirical correction factor (exposed vegetables)","0.01",25,,"Constant",,,"0.01",,"tbl_Model_Parameters:Biota",0,"VG_exveg"
"Risk","Biota","Vegetation","VG_feed","[fraction]","Empirical correction factor (feed)","0.5",25,,"Constant",,,"0.5",,"tbl_Model_Parameters:Biota",0,"VG_feed"
"Risk","Biota","Vegetation","VG_forage","[fraction]","Empirical correction factor (forage)","1",25,,"Constant",,,"1",,"tbl_Model_Parameters:Biota",0,"VG_forage"
"Risk","Biota","Vegetation","VG_root","[fraction]","Empirical correction factor (root vegetables)","0.01",25,,"Constant",,,"0.01",,"tbl_Model_Parameters:Biota",0,"VG_root"
"Risk","Biota","Vegetation","VG_silage","[fraction]","Empirical correction factor (silage)","0.5",25,,"Constant",,,"0.5",,"tbl_Model_Parameters:Biota",0,"VG_silage"
"Risk","Biota","Vegetation","Yp_exfruit","[kg DW/m2]","Crop yield (exposed fruit)","2.24",25,,"Constant",,,"2.24",,"tbl_Model_Parameters:Biota",0,"Yp_exfruit"
"Risk","Biota","Vegetation","Yp_exveg","[kg DW/m2]","Crop yield (exposed vegetables)","2.24",25,,"Constant",,,"2.24",,"tbl_Model_Parameters:Biota",0,"Yp_exveg"
"Risk","Biota","Vegetation","Yp_feed","[kg DW/m2]","Crop yield (feed)","0.8",25,,"Constant",,,"0.8",,"tbl_Model_Parameters:Biota",0,"Yp_feed"
"Risk","Biota","Vegetation","Yp_forage","[kg DW/m2]","Crop yield (forage)","0.24",25,,"Constant",,,"0.24",,"tbl_Model_Parameters:Biota",0,"Yp_forage"
"Risk","Biota","Vegetation","Yp_silage","[kg DW/m2]","Crop yield (silage)","0.8",25,,"Constant",,,"0.8",,"tbl_Model_Parameters:Biota",0,"Yp_silage"
"Risk","Chemical","Biotransfer","BCF_beef","[mg/kg beef]/[mg/kg DW]","Bioconcentration factor (beef)","Chemical specific",,"required for inorganics","Constant",0.00,8000.00,"0.238",,"Chemical_constant",0,"BCF_beef"
"Risk","Chemical","Biotransfer","BCF_milk","[mg/kg milk]/[mg/kg DW]","Bioconcentration factor (milk)","Chemical specific",,"required for inorganics","Constant",0.00,16000.00,"0.0845",,"Chemical_constant",0,"BCF_milk"
"Risk","Chemical","Biotransfer","BCF_T3F","[mg/kg fish]/[mg/L water]","Bioaccumulation factor (TL3 fish, filet; used for human)","Chemical Specific",,"default 0","Constant",0.00,1.0e+09,"210",,"Chemical_constant",0,"BCF_T3F"
"Risk","Chemical","Biotransfer","BCF_T3W","[mg/kg fish]/[mg/L water]","Bioaccumulation factor (TL3 fish, whole; used for eco)","Chemical Specific",,"default 0","Constant",0.00,1.0e+09,"210",,"Chemical_constant",0,"BCF_T3W"
"Risk","Chemical","Biotransfer","BCF_T4F","[mg/kg fish]/[mg/L water]","Bioaccumulation factor (TL4 fish, filet; used for human)","Chemical Specific",,"default 0","Constant",0.00,1.0e+09,"250",,"Chemical_constant",0,"BCF_T4F"
"Risk","Chemical","Biotransfer","BCF_T4W","[mg/kg fish]/[mg/L water]","Bioaccumulation factor (TL4 fish, whole; used for eco)","Chemical Specific",,"default 0","Constant",0.00,1.0e+09,"250",,"Chemical_constant",0,"BCF_T4W"
"Risk","Chemical","Biotransfer","BrExfruit","[mg/kg DW plant]/[mg/kg soil]","Biotransfer (soil to exposed fruit)","Chemical Specific",,"required for inorganics","Constant",0.00,10.00,"0.322",,"Chemical_constant",0,"BrExfruit"
"Risk","Chemical","Biotransfer","BrExveg","[mg/kg DW plant]/[mg/kg soil]","Biotransfer  factor (soil to exposed vegetables)","Chemical Specific",,"required for inorganics","Constant",0.00,10.00,"0.322",,"Chemical_constant",0,"BrExveg"
"Risk","Chemical","Biotransfer","BrForage","[mg/kg DW plant]/[mg/kg soil]","Biotransfer  factor (soil to forage)","Chemical Specific",,"required for inorganics","Constant",0.00,10.00,"0.322",,"Chemical_constant",0,"BrForage"
"Risk","Chemical","Biotransfer","BrGrain","[mg/kg DW plant]/[mg/kg soil]","Biotransfer  factor (soil to grain)","Chemical Specific",,"required for inorganics","Constant",0.00,10.00,"0.322",,"Chemical_constant",0,"BrGrain"
"Risk","Chemical","Biotransfer","BrProfruit","[mg/kg DW plant]/[mg/kg soil]","Biotransfer  factor (soil to protected fruit)","Chemical Specific",,"required for inorganics","Constant",0.00,10.00,"0.322",,"Chemical_constant",0,"BrProfruit"
"Source","Chemical",,"C_in","[mg/L]","Chemical concentration (influent)","Chemical Specific",145,"Current value stored in temp field, calc'd from CTP Waste","Constant",0.00,1.0e+06,"",,"tbl_Model_Parameters:System",0,"C_in"
"Risk","Chemical","Biotransfer","BrProveg","[mg/kg DW plant]/[mg/kg soil]","Biotransfer  factor (soil to protected vegetables)","Chemical Specific",,"required for inorganics","Constant",0.00,10.00,"0.322",,"Chemical_constant",0,"BrProveg"
"Risk","Chemical","Biotransfer","BrRoot","[mg/kg DW plant]/[mg/kg soil]","Biotransfer  factor (soil to roots; inorganics only)","Chemical Specific",,"required for inorganics","Constant",0.00,10.00,"",,"Chemical_constant",0,"BrRoot"
"Risk","Chemical","Biotransfer","BrSilage","[mg/kg DW plant]/[mg/kg soil]","Biotransfer  factor (soil to silage)","Chemical Specific",,"required for inorganics","Constant",0.00,10.00,"0.322",,"Chemical_constant",0,"BrSilage"
"Risk","Chemical","Biotransfer","Bv","[ug/g DW plant]/[ug/g air]","Biotransfer factor (vapor phase air to all plants; organics only)","Chemical Specific",,"calc'd for organics, NA for inorganics","Constant",0.00,1.0e+09,"6250",,"Chemical_constant",0,"Bv"
"Risk","Chemical","Biotransfer","KpPar","[1/yr]","Plant surface loss coefficient (particulate)","Chemical Specific",,"default 18.07 for all but Hg, = 40.41","Constant",18.07,40.41,"18.07",,"Chemical_constant",0,"KpPar"
"Risk","Chemical","Biotransfer","RCF","[ug/g WW plant]/[ug/mL soil water]","Root concentration factor*","Chemical Specific",,"calc'd for organics, NA for inorganics","Constant",0.00,1.0e+06,"17.9",,"Chemical_constant",0,"RCF"
"Risk","Chemical","Chemical Property","Fw","[fraction]","Fraction of wet deposition adhering to plant surface","0.6",25,,"Constant",,,"0.6",,"tbl_Model_Parameters:Chem",0,"Fw"
"Risk","Chemical","Chemical Property","LogKow","[log units]","Octanol-water partition coefficient","Chemical Specific",,"required","Constant",-4.00,12.00,"3.6",,"Chemical_constant",0,"LogKow"
"Risk","Ecological","Exposure","BAF_HerbVert","[mg/kg WW]/[mg/kg soil]","Bioaccumulation factor (soil to herbivorous vertebrates)","Chemical specific",,,"Constant",0.00,1.0e+09,"",,"Ecological_constant:Chem",0,"BAF_HerbVert"
"Risk","Ecological","Exposure","BAF_OmnVert","[mg/kg WW]/[mg/kg soil]","Bioaccumulation factor (soil to omnivorous vertebrates)","Chemical specific",,,"Constant",0.00,1.0e+09,"",,"Ecological_constant:Chem",0,"BAF_OmnVert"
"Risk","Ecological","Exposure","BAF_SmBirds","[mg/kg WW]/[mg/kg soil]","Bioaccumulation factor (soil to small birds)","Chemical specific",,,"Constant",0.00,1.0e+09,"",,"Ecological_constant:Chem",0,"BAF_SmBirds"
"Risk","Ecological","Exposure","BAF_SmHerp","[mg/kg WW]/[mg/kg soil]","Bioaccumulation factor (soil to small herpetofauna)","Chemical specific",,,"Constant",0.00,1.0e+09,"",,"Ecological_constant:Chem",0,"BAF_SmHerp"
"Risk","Ecological","Exposure","BAF_SmMammals","[mg/kg WW]/[mg/kg soil]","Bioaccumulation factor (soil to small mammals)","Chemical specific",,,"Constant",0.00,1.0e+09,"",,"Ecological_constant:Chem",0,"BAF_SmMammals"
"Risk","Ecological","Exposure","BAF_SoilInvert","[mg/kg WW]/[mg/kg soil]","Bioaccumulation factor (soil to soil invertebrates)","Chemical specific",,,"Constant",0.00,1.0e+09,"",,"Ecological_constant:Chem",0,"BAF_SoilInvert"
"Risk","Ecological","Exposure","BAF_Worms","[mg/kg WW]/[mg/kg soil]","Bioaccumulation factor (soil to worms)","Chemical specific",,,"Constant",0.00,1.0e+09,"",,"Ecological_constant:Chem",0,"BAF_Worms"
"Risk","Ecological","Exposure","BCF_Bff","[mg/kg WW]/[mg/kg sediment]","Bioaccumulation factor (sediment to benthic filter feeders)","Chemical specific",,,"Constant",0.00,1.0e+09,"",,"Ecological_constant:Chem",0,"BCF_Bff"
"Risk","Ecological","Exposure","BCF_WaterVeg","[mg/kg WW]/[mg/L water]","Bioaccumulation factor (surface water to aquatic plants)","Chemical specific",,,"Constant",0.00,1.0e+09,"",,"Ecological_constant:Chem",0,"BCF_WaterVeg"
"Risk","Ecological","Exposure","BW","[kg]","Body weight (ecological receptor)","Receptor specific",,,"Constant",,,"",,"Ecological_constant:ExpFactor",0,"BW"
"Risk","Ecological","Exposure","CR_Food","[kg/day]","Consumption rate, food/prey items (ecological receptors)","Receptor specific",,,"Constant",,,"",,"Ecological_constant:ExpFactor",0,"CR_Food"
"Risk","Ecological","Exposure","CR_Water","[L/day]","Consumption rate, water (ecological receptors)","Receptor specific",,,"Constant",,,"",,"Ecological_constant:ExpFactor",0,"CR_Water"
"Risk","Ecological","Exposure","CRfrac_Sed","[fraction]","Consumption rate, sediment as a fraction of total diet (ecological receptors)","Receptor specific",,,"Constant",,,"",,"Ecological_constant:ExpFactor",0,"CRfrac_Sed"
"Risk","Ecological","Exposure","CRfrac_Soil","[fraction]","Consumption rate, soil as a fraction of total diet (ecological receptors)","Receptor specific",,,"Constant",,,"",,"Ecological_constant:ExpFactor",0,"CRfrac_Soil"
"Risk","Ecological","Exposure","DF_1","[fraction]","Diet fraction, worms (eco receptors)","Receptor specific",,,"Constant",,,"",,"Ecological_constant:ExpFactor",0,"DF_worm"
"Risk","Ecological","Exposure","DF_10","[fraction]","Diet fraction, aquatic plants (eco receptors)","Receptor specific",,,"Constant",,,"",,"Ecological_constant:ExpFactor",0,"DF_aqplant"
"Risk","Ecological","Exposure","DF_11","[fraction]","Diet fraction, exposed fruits (eco receptors)","Receptor specific",,,"Constant",,,"",,"Ecological_constant:ExpFactor",0,"DF_exfruit"
"Risk","Ecological","Exposure","DF_12","[fraction]","Diet fraction, exposed vegetables (eco receptors)","Receptor specific",,,"Constant",,,"",,"Ecological_constant:ExpFactor",0,"DF_exveg"
"Risk","Ecological","Exposure","DF_13","[fraction]","Diet fraction, forage (eco receptors)","Receptor specific",,,"Constant",,,"",,"Ecological_constant:ExpFactor",0,"DF_forage"
"Risk","Ecological","Exposure","DF_14","[fraction]","Diet fraction, grains (eco receptors)","Receptor specific",,,"Constant",,,"",,"Ecological_constant:ExpFactor",0,"DF_grain"
"Risk","Ecological","Exposure","DF_15","[fraction]","Diet fraction, roots (eco receptors)","Receptor specific",,,"Constant",,,"",,"Ecological_constant:ExpFactor",0,"DF_root"
"Risk","Ecological","Exposure","DF_16","[fraction]","Diet fraction, silage (eco receptors)","Receptor specific",,,"Constant",,,"",,"Ecological_constant:ExpFactor",0,"DF_silage"
"Risk","Ecological","Exposure","DF_2","[fraction]","Diet fraction, other soil invertebrates (eco receptors)","Receptor specific",,,"Constant",,,"",,"Ecological_constant:ExpFactor",0,"DF_soilinverts"
"Risk","Ecological","Exposure","DF_20","[fraction]","Diet fraction, small herpetofauna (eco receptors)","Receptor specific",,,"Constant",,,"",,"Ecological_constant:ExpFactor",0,"DF_smherp"
"Risk","Ecological","Exposure","DF_3","[fraction]","Diet fraction, small mammals (eco receptors)","Receptor specific",,,"Constant",,,"",,"Ecological_constant:ExpFactor",0,"DF_smmamm"
"Risk","Ecological","Exposure","DF_4","[fraction]","Diet fraction, herbivorous vertebrates (eco receptors)","Receptor specific",,,"Constant",,,"",,"Ecological_constant:ExpFactor",0,"DF_herbvert"
"Risk","Ecological","Exposure","DF_5","[fraction]","Diet fraction, omnivorous vertebrates (eco receptors)","Receptor specific",,,"Constant",,,"",,"Ecological_constant:ExpFactor",0,"DF_omnivert"
"Risk","Ecological","Exposure","DF_6","[fraction]","Diet fraction, small birds (eco receptors)","Receptor specific",,,"Constant",,,"",,"Ecological_constant:ExpFactor",0,"DF_smbird"
"Risk","Ecological","Exposure","DF_7","[fraction]","Diet fraction, benthic filter feeders (eco receptors)","Receptor specific",,,"Constant",,,"",,"Ecological_constant:ExpFactor",0,"DF_benthff"
"Risk","Ecological","Exposure","DF_8","[fraction]","Diet fraction, T3 fish (eco receptors)","Receptor specific",,,"Constant",,,"",,"Ecological_constant:ExpFactor",0,"DF_T3fish"
"Risk","Ecological","Exposure","DF_9","[fraction]","Diet fraction, T4 fish (eco receptors)","Receptor specific",,,"Constant",,,"",,"Ecological_constant:ExpFactor",0,"DF_T4fish"
"Risk","Ecological","Toxicity","BMC_Sed","[mg chem/kg sediment]","Benchmark concentration, direct contact with sediment","Receptor specific",,,"Constant",0.00,100000.0,"",,"Ecological_constant:Benchmark",0,"BMC_Sed"
"Risk","Ecological","Toxicity","BMC_Soil","[mg chem/kg soil]","Benchmark concentration, direct contact with soil","Receptor specific",,,"Constant",0.00,100000.0,"",,"Ecological_constant:Benchmark",0,"BMC_Soil"
"Risk","Ecological","Toxicity","BMC_Water","[mg chem/L water]","Benchmark concentration, direct contact with water","Receptor specific",,,"Constant",0.00,100000.0,"",,"Ecological_constant:Benchmark",0,"BMC_Water"
"Risk","Ecological","Toxicity","BMD","[mg chem/kg BW/day]","Benchmark dose for ingestion exposures","Receptor specific",,,"Constant",0.00,100000.0,"",,"Ecological_constant:Benchmark",0,"BMD"
"Risk","Ecological","Toxicity","ED_Eco","[days]","Exposure duration (ecological receptors)","Benchmark specific",,,"Constant",0.00,4.00,"",,"Ecological_constant:Benchmark",0,"ED_Eco"
"Risk","Exposure",,"BW_1","[kg]","Body weight (child aged 1-5)","Run Specific",,,"Distribution",,,"15",,"Exposure_constant",0,"BW_child1-5"
"Risk","Exposure",,"BW_2","[kg]","Body weight (child aged 6-11)","Run Specific",,,"Distribution",,,"29",,"Exposure_constant",0,"BW_child6-11"
"Risk","Exposure",,"BW_3","[kg]","Body weight (child aged 12-19)","Run Specific",,,"Distribution",,,"61",,"Exposure_constant",0,"BW_child12-19"
"Risk","Exposure",,"BW_4","[kg]","Body weight (adult)","Run Specific",,,"Distribution",,,"79",,"Exposure_constant",0,"BW_adult"
"Risk","Exposure",,"CR_beef_1","[g WW/kg BW/day]","Consumption rate, beef (child aged 1-5)","Run Specific",140,"Tbl 13-33","Distribution",,,"11",,"Exposure_constant",0,"CR_beef_child1-5"
"Risk","Exposure",,"CR_beef_2","[g WW/kg BW/day]","Consumption rate, beef (child aged 6-11)","Run Specific",140,"Tbl 13-33","Distribution",,,"11",,"Exposure_constant",0,"CR_beef_child6-11"
"Risk","Exposure",,"CR_beef_3","[g WW/kg BW/day]","Consumption rate, beef (child aged 12-19)","Run Specific",140,"Tbl 13-33","Distribution",,,"3.5",,"Exposure_constant",0,"CR_beef_child12-19"
"Risk","Exposure",,"CR_beef_4","[g WW/kg BW/day]","Consumption rate, beef (adult)","Run Specific",140,"Tbl 13-33","Distribution",,,"5.4",,"Exposure_constant",0,"CR_beef_adult"
"Risk","Exposure",,"CR_dw_1","[mL/kg-day]","Consumption rate, water (child aged 1-5)","Run Specific",277,"Tbl 3-21","Distribution",,,"44",,"Exposure_constant",0,"CR_dw_child1-5"
"Risk","Exposure",,"CR_dw_2","[mL/kg-day]","Consumption rate, water (child aged 6-11)","Run Specific",277,"Tbl 3-21","Distribution",,,"31",,"Exposure_constant",0,"CR_dw_child6-11"
"Risk","Exposure",,"CR_dw_3","[mL/kg-day]","Consumption rate, water (child aged 12-19)","Run Specific",277,"Tbl 3-21","Distribution",,,"25",,"Exposure_constant",0,"CR_dw_child12-19"
"Risk","Exposure",,"CR_dw_4","[mL/kg-day]","Consumption rate, water (adult)","Run Specific",277,"Tbl 3-21","Distribution",,,"34",,"Exposure_constant",0,"CR_dw_adult"
"Risk","Exposure",,"CR_exfruit_1","[g WW/kg BW/day]","Consumption rate, exposed fruit (child aged 1-5)","Run Specific",140,"Tbl 13-58","Distribution",,,"5.4",,"Exposure_constant",0,"CR_exfruit_child1-5"
"Risk","Exposure",,"CR_exfruit_2","[g WW/kg BW/day]","Consumption rate, exposed fruit (child aged 6-11)","Run Specific",140,"Tbl 13-58","Distribution",,,"7.0",,"Exposure_constant",0,"CR_exfruit_child6-11"
"Risk","Exposure",,"CR_exfruit_3","[g WW/kg BW/day]","Consumption rate, exposed fruit (child aged 12-19)","Run Specific",140,"Tbl 13-58","Distribution",,,"3.4",,"Exposure_constant",0,"CR_exfruit_child12-19"
"Risk","Exposure",,"CR_exfruit_4","[g WW/kg BW/day]","Consumption rate, exposed fruit (adult)","Receptor Specific",140,"Tbl 13-58","Distribution",,,"5.0",,"Exposure_constant",0,"CR_exfruit_adult"
"Risk","Exposure",,"CR_exveg_1","[g WW/kg BW/day]","Consumption rate, exposed vegetables (child aged 1-5)","Run Specific",140,"Tbl 13-60","Distribution",,,"6.4",,"Exposure_constant",0,"CR_exveg_child1-5"
"Risk","Exposure",,"CR_exveg_2","[g WW/kg BW/day]","Consumption rate, exposed vegetables (child aged 6-11)","Run Specific",140,"Tbl 13-60","Distribution",,,"3.2",,"Exposure_constant",0,"CR_exveg_child6-11"
"Risk","Exposure",,"CR_exveg_3","[g WW/kg BW/day]","Consumption rate, exposed vegetables (child aged 12-19)","Run Specific",140,"Tbl 13-60","Distribution",,,"2.4",,"Exposure_constant",0,"CR_exveg_child12-19"
"Risk","Exposure",,"CR_exveg_4","[g WW/kg BW/day]","Consumption rate, exposed vegetables (adult)","Receptor Specific",140,"Tbl 13-60","Distribution",,,"6.0",,"Exposure_constant",0,"CR_exveg_adult"
"Risk","Exposure",,"CR_fish_1","[g WW/day]","Consumption rate, fish (child aged 1-5)","Run Specific",278,"Tbl E-7","Distribution",,,"5.2",,"Exposure_constant",0,"CR_fish_child1-5"
"Risk","Exposure",,"CR_fish_2","[g WW/day]","Consumption rate, fish (child aged 6-11)","Run Specific",278,"Tbl E-7","Distribution",,,"7.7",,"Exposure_constant",0,"CR_fish_child6-11"
"Risk","Exposure",,"CR_fish_3","[g WW/day]","Consumption rate, fish (child aged 12-19)","Run Specific",278,"Tbl E-7","Distribution",,,"9.6",,"Exposure_constant",0,"CR_fish_child12-19"
"Risk","Exposure",,"CR_fish_4","[g WW/day]","Consumption rate, fish (adult)","Run Specific",278,"Tbl E-7","Distribution",,,"22",,"Exposure_constant",0,"CR_fish_adult"
"Risk","Exposure",,"CR_milk_1","[g WW/kg BW/day]","Consumption rate, milk (child aged 1-5)","Run Specific",276,"Tbl 11-4","Distribution",,,"59",,"Exposure_constant",0,"CR_milk_child1-5"
"Risk","Exposure",,"CR_milk_2","[g WW/kg BW/day]","Consumption rate, milk (child aged 6-11)","Run Specific",276,"Tbl 11-4","Distribution",,,"26",,"Exposure_constant",0,"CR_milk_child6-11"
"Risk","Exposure",,"CR_milk_3","[g WW/kg BW/day]","Consumption rate, milk (child aged 12-19)","Run Specific",276,"Tbl 11-4","Distribution",,,"12",,"Exposure_constant",0,"CR_milk_child12-19"
"Risk","Exposure",,"CR_milk_4","[g WW/kg BW/day]","Consumption rate, milk (adult)","Receptor Specific",140,"Tbl 13-25","Distribution",,,"35",,"Exposure_constant",0,"CR_milk_adult"
"Risk","Exposure",,"CR_profruit_1","[g WW/kg BW/day]","Consumption rate, protected fruit (child aged 1-5)","Run Specific",140,"Tbl 13-59","Distribution",,,"16",,"Exposure_constant",0,"CR_profruit_child1-5"
"Risk","Exposure",,"CR_profruit_2","[g WW/kg BW/day]","Consumption rate, protected fruit (child aged 6-11)","Run Specific",140,"Tbl 13-59","Distribution",,,"16",,"Exposure_constant",0,"CR_profruit_child6-11"
"Risk","Exposure",,"CR_profruit_3","[g WW/kg BW/day]","Consumption rate, protected fruit (child aged 12-19)","Run Specific",140,"Tbl 13-59","Distribution",,,"7.4",,"Exposure_constant",0,"CR_profruit_child12-19"
"Risk","Exposure",,"CR_profruit_4","[g WW/kg BW/day]","Consumption rate, protected fruit (adult)","Receptor Specific",140,"Tbl 13-59","Distribution",,,"14",,"Exposure_constant",0,"CR_profruit_adult"
"Risk","Exposure",,"CR_proveg_1","[g WW/kg BW/day]","Consumption rate, protected vegetables (child aged 1-5)","Run Specific",140,"Tbl 13-61","Distribution",,,"3.1",,"Exposure_constant",0,"CR_proveg_child1-5"
"Risk","Exposure",,"CR_proveg_2","[g WW/kg BW/day]","Consumption rate, protected vegetables (child aged 6-11)","Run Specific",140,"Tbl 13-61","Distribution",,,"2.1",,"Exposure_constant",0,"CR_proveg_child6-11"
"Risk","Exposure",,"CR_proveg_3","[g WW/kg BW/day]","Consumption rate, protected vegetables (child aged 12-19)","Run Specific",140,"Tbl 13-61","Distribution",,,"1.9",,"Exposure_constant",0,"CR_proveg_child12-19"
"Risk","Exposure",,"CR_proveg_4","[g WW/kg BW/day]","Consumption rate, protected vegetables (adult)","Receptor Specific",140,"Tbl 13-61","Distribution",,,"3.6",,"Exposure_constant",0,"CR_proveg_adult"
"Risk","Exposure",,"CR_root_1","[g WW/kg BW/day]","Consumption rate, root vegetables (child aged 1-5)","Run Specific",140,"Tbl 13-62","Distribution",,,"5.7",,"Exposure_constant",0,"CR_root_child1-5"
"Risk","Exposure",,"CR_root_2","[g WW/kg BW/day]","Consumption rate, root vegetables (child aged 6-11)","Run Specific",140,"Tbl 13-62","Distribution",,,"3.8",,"Exposure_constant",0,"CR_root_child6-11"
"Risk","Exposure",,"CR_root_3","[g WW/kg BW/day]","Consumption rate, root vegetables (child aged 12-19)","Run Specific",140,"Tbl 13-62","Distribution",,,"2.3",,"Exposure_constant",0,"CR_root_child12-19"
"Risk","Exposure",,"CR_root_4","[g WW/kg BW/day]","Consumption rate, root vegetables (adult)","Receptor Specific",140,"Tbl 13-62","Distribution",,,"3.1",,"Exposure_constant",0,"CR_root_adult"
"Risk","Exposure",,"CRs_1","[mg/day]","Consumption rate, soil (child aged 1-5)","Run Specific",221,"Tbl 5-1","Distribution",,,"40",,"Exposure_constant",0,"CRs_child1-5"
"Risk","Exposure",,"CRs_2","[mg/day]","Consumption rate, soil (child aged 6-11)","Run Specific",221,"Tbl 5-1","Distribution",,,"30",,"Exposure_constant",0,"CRs_child6-11"
"Risk","Exposure",,"CRs_3","[mg/day]","Consumption rate, soil (child aged 12-19)","Run Specific",221,"Tbl 5-1","Distribution",,,"10",,"Exposure_constant",0,"CRs_child12-19"
"Risk","Exposure",,"CRs_4","[mg/day]","Consumption rate, soil (adult)","Run Specific",221,"Tbl 5-1","Distribution",,,"10",,"Exposure_constant",0,"CRs_adult"
"Risk","Exposure",,"EF","[days/yr]","Exposure frequency (human, all ages)","350",142,,"Constant",,,"350",,"tbl_Model_Parameters:ExpFactor",0,"EF"
"Risk","Exposure",,"F_beef","[fraction]","Fraction contaminated (beef)","Receptor Specific",,,"Constant",,,"1",,"Exposure_constant",0,"F_beef"
"Risk","Exposure",,"F_dw","[fraction]","Fraction contaminated (drinking water)","1",142,,"Constant",,,"1",,"tbl_Model_Parameters:ExpFactor",0,"F_dw"
"Risk","Exposure",,"F_exfruit","[fraction]","Fraction contaminated (exposed fruit)","Receptor Specific",,,"Constant",,,"1",,"Exposure_constant",0,"F_exfruit"
"Risk","Exposure",,"F_exveg","[fraction]","Fraction contaminated (exposed vegetables)","Receptor Specific",,,"Constant",,,"1",,"Exposure_constant",0,"F_exveg"
"Risk","Exposure",,"F_fish","[fraction]","Fraction contaminated (fish)","1",142,,"Constant",,,"1",,"tbl_Model_Parameters:ExpFactor",0,"F_fish"
"Risk","Exposure",,"F_milk","[fraction]","Fraction contaminated (milk)","Receptor Specific",,,"Constant",,,"1",,"Exposure_constant",0,"F_milk"
"Risk","Exposure",,"F_profruit","[fraction]","Fraction contaminated (protected fruit)","Receptor Specific",,,"Constant",,,"1",,"Exposure_constant",0,"F_profruit"
"Risk","Exposure",,"F_proveg","[fraction]","Fraction contaminated (protected vegetables)","Receptor Specific",,,"Constant",,,"1",,"Exposure_constant",0,"F_proveg"
"Risk","Exposure",,"F_root","[fraction]","Fraction contaminated (root vegetables)","Receptor Specific",,,"Constant",,,"1",,"Exposure_constant",0,"F_root"
"Risk","Exposure",,"F_soil","[fraction]","Fraction contaminated (soil)","1",142,,"Constant",,,"1",,"tbl_Model_Parameters:ExpFactor",0,"F_soil"
"Risk","Exposure",,"F_T3","[fraction]","Fraction of fish consumed that are trophic level 3","0.36",171,"Tbl 10-66","Constant",,,"0.36",,"tbl_Model_Parameters:ExpFactor",0,"F_T3"
"Risk","Exposure",,"F_T4","[fraction]","Fraction of fish consumed that are trophic level 4","0.64",171,"Tbl 10-66","Constant",,,"0.64",,"tbl_Model_Parameters:ExpFactor",0,"F_T4"
"Risk","Exposure",,"L_exfruit","[fraction]","Food preparation loss for exposed fruit","0.21",171,"Tbl 13-6","Constant",,,"0.21",,"tbl_Model_Parameters:ExpFactor",0,"L_exfruit"
"Risk","Exposure",,"L_exveg","[fraction]","Food preparation loss for exposed vegetables","0.161",171,"Tbl 13-7","Constant",,,"0.161",,"tbl_Model_Parameters:ExpFactor",0,"L_exveg"
"Risk","Exposure",,"L_profruit","[fraction]","Food preparation loss for protected fruit","0.29",171,"Tbl 13-6","Constant",,,"0.29",,"tbl_Model_Parameters:ExpFactor",0,"L_profruit"
"Risk","Exposure",,"L_proveg","[fraction]","Food preparation loss for protected vegetables","0.13",171,"Tbl 13-7","Constant",,,"0.13",,"tbl_Model_Parameters:ExpFactor",0,"L_proveg"
"Risk","Exposure",,"L_root","[fraction]","Food preparation loss for root vegetables","0.053",171,"Tbl 13-7","Constant",,,"0.053",,"tbl_Model_Parameters:ExpFactor",0,"L_root"
"Risk","Exposure",,"L1_beef","[fraction]","Cooking loss for beef","0.27",171,"Tbl 13-5","Constant",,,"0.27",,"tbl_Model_Parameters:ExpFactor",0,"L1_beef"
"Risk","Exposure",,"L1_milk","[fraction]","Cooking loss for milk","0",142,,"Constant",,,"0",,"tbl_Model_Parameters:ExpFactor",0,"L1_milk"
"Risk","Exposure",,"L2_beef","[fraction]","Post-cooking loss for beef","0.24",171,"Tbl 13-5","Constant",,,"0.24",,"tbl_Model_Parameters:ExpFactor",0,"L2_beef"
"Risk","Exposure",,"L2_milk","[fraction]","Post-cooking loss for milk","0",142,,"Constant",,,"0",,"tbl_Model_Parameters:ExpFactor",0,"L2_milk"
"Risk","Exposure",,"SA_1","[yrs]","Age at start of exposure (child)","1",144,,"Constant",,,"1",,"tbl_Model_Parameters:ExpFactor",0,"SA_child"
"Risk","Exposure",,"SA_4","[yrs]","Age at start of exposure (adult)","20",144,,"Constant",,,"20",,"tbl_Model_Parameters:ExpFactor",0,"SA_adult"
"RiskMedia","Chemical","Toxicity","CSFOral","[per mg/kg-day]","Oral cancer slope factor (human toxicity)","Chemical Specific",,"1 HHB required","Constant",0.00,1.0e+06,"0",,"Chemical_constant",0,"CSFOral"
"RiskMedia","Chemical","Toxicity","IUR","[ug/m3]^-1","Inhalation unit risk (human toxicity, cancer)","Chemical Specific",,"1 HHB required","Constant",0.00,1.0e+06,"0",,"Chemical_constant",0,"IUR"
"RiskMedia","Chemical","Toxicity","RfC","[mg/m3]","Reference concentration (human toxicity, noncancer)","Chemical Specific",,"1 HHB required","Constant",0.00,100000.0,"0",,"Chemical_constant",0,"RfC"
"RiskMedia","Chemical","Toxicity","RfD","[mg/kg-day]","Reference dose (human toxicity, noncancer)","Chemical Specific",,"1 HHB required","Constant",0.00,100000.0,"0.3",,"Chemical_constant",0,"RfD"
"RiskMedia","Chemical","Toxicity","RfD_fish","[mg/kg-day]","Reference dose-fish ingestion (human toxicity, noncancer)","Chemical Specific",,"only for special chems","Constant",0.00,100000.0,"0.3",,"Chemical_constant",0,"RfD_fish"
"RiskMedia","Chemical","Toxicity","RfD_food","[mg/kg-day]","Reference dose-food ingestion (human toxicity, noncancer)","Chemical Specific",,"only for special chems","Constant",0.00,100000.0,"0.3",,"Chemical_constant",0,"RfD_food"
"RiskMedia","Chemical","Toxicity","RfD_soil","[mg/kg-day]","Reference dose-soil ingestion (human toxicity, noncancer)","Chemical Specific",,"only for special chems","Constant",0.00,100000.0,"0.3",,"Chemical_constant",0,"RfD_soil"
"RiskMedia","Chemical","Toxicity","RfD_water","[mg/kg-day]","Reference dose-water ingestion (human toxicity, noncancer)","Chemical Specific",,"only for special chems","Constant",0.00,100000.0,"0.3",,"Chemical_constant",0,"RfD_water"
"Shower","Exposure","Bathroom properties","Vb","[m3]","Volume of the bathroom","10",172,,"Constant",,,"10",,"tbl_Model_Parameters:ExpFactor",0,"Vb"
"Shower","Exposure","Exchange rate","Qbh","[L/min]","Volumetric exchange rate between the bathroom and the house","300",172,"Derived from data in McKone","Constant",,,"300",,"tbl_Model_Parameters:ExpFactor",0,"Qbh"
"Shower","Exposure","Exchange rate","Qsb","[L/min]","Volumetric exchange rate between the shower and the bathroom","100",172,"Derived from data in McKone","Constant",,,"100",,"tbl_Model_Parameters:ExpFactor",0,"Qsb"
"Shower","Exposure","Exposure time","ShowerStallTime","[min]","Time in shower stall after showering","Run Specific",,,"Distribution",,,"0",,"Exposure_constant",0,"ShowerStallTime"
"Shower","Exposure","Exposure time","ShowerTime","[min]","Time in shower stall during shower","Run Specific",,,"Distribution",,,"15",,"Exposure_constant",0,"ShowerTime"
"Shower","Exposure","Exposure time","T_bathroom","[min]","Time spent in bathroom, not in shower","Run Specific",,,"Distribution",,,"5",,"Exposure_constant",0,"T_bathroom"
"Shower","Exposure","Shower properties","DropDiam","[cm]","Diameter of shower water droplet","0.098",145,,"Constant",,,"0.098",,"tbl_Model_Parameters:ExpFactor",0,"DropDiam"
"Shower","Exposure","Shower properties","DropVel","[cm/sec]","Terminal velocity of water droplet","400",145,,"Constant",,,"400",,"tbl_Model_Parameters:ExpFactor",0,"DropVel"
"Shower","Exposure","Shower properties","NozHeight","[m]","Height of shower head","1.8",173,,"Constant",,,"1.8",,"tbl_Model_Parameters:ExpFactor",0,"NozHeight"
"Shower","Exposure","Shower properties","ShowerRate","[L/min]","Rate of water flow from shower head","10",173,"Derived from data in Little","Constant",,,"10",,"tbl_Model_Parameters:ExpFactor",0,"ShowerRate"
"Shower","Exposure","Shower properties","Vs","[m3]","Volume of shower","2",172,,"Constant",,,"2",,"tbl_Model_Parameters:ExpFactor",0,"Vs"
"Source","Chemical",,"CTPwaste","[ug/g WW]","Wet biosolids concentration","Chemical Specific",,"must be nonzero; max is 4E+5 which corresponds to DW conc of 1E+6 at 40% moisture","Distribution",0.00,400000.0,"25",,"Chemical_constant",0,"CTPwaste"
"Source","Chemical","Chemical Property","AntB","[C, atm]","Antoine's vapor pressure equation coefficient B","Chemical specific",,"default -9999","Constant",-9999.00,1.0e+06,"-9999",,"Chemical_constant",0,"AntB"
"Source","Chemical","Chemical Property","AntC","[C, atm]","Antoine's vapor pressure equation coefficient C","Chemical specific",,"default -9999","Constant",-9999.00,1.0e+06,"-9999",,"Chemical_constant",0,"AntC"
"Source","Chemical","Chemical Property","ChemFracNeutral","[fraction]","Fraction of chemical concentration in the neutral species at a given pH and temperature","1",144,,"Constant",,,"1",,"tbl_Model_Parameters:Chem",0,"ChemFracNeutral"
"Source","Chemical","Chemical Property","ChemTemp","[C]","Temperature","25",143,,"Constant",,,"25",,"tbl_Model_Parameters:Chem",1,"ChemTemp"
"Source","Chemical","Chemical Property","Pc","[atm]","Critical pressure","Chemical specific",,"default -9999","Constant",-9999.00,1.0e+06,"-9999",,"Chemical_constant",0,"Pc"
"Source","Chemical","Chemical Property","tc","[deg C]","Critical temperature","Chemical specific",,"default -9999","Constant",-9999.00,10000.00,"-9999",,"Chemical_constant",0,"tc"
"Source","Model",,"DailyOutput","NA","Prompts source model to provide daily outputs; 0 = no, 1 = yes","1",146,,"Constant",,,"1",,"tbl_Model_Parameters:System",0,"DailyOutput"
"Source","Model",,"Debug","NA","Prompts source model if running in debug model; 0 = no, 1 = yes","0",146,,"Constant",,,"0",,"tbl_Model_Parameters:System",0,"Debug"
"Source","Model",,"InputDB","NA","Location of input data for source model runs","C:\Users\LYUAN\OneDrive - Environmental Protection Agency (EPA)\Desktop\work\bst\code\BST\BST_v1-1m-",,,"Constant",,,"C:\Users\LYUAN\OneDrive - Environmental Protection Agency (EPA)\Desktop\work\bst\code\BST\BST_v1-1m-",,"tbl_Model_Parameters:System",0,"InputDB"
"Source","Model",,"MetDir","NA","Location of meteorological data for the source model","C:\Users\LYUAN\OneDrive - Environmental Protection Agency (EPA)\Desktop\work\bst\code\BST\HWIR\MetDa",,,"Constant",,,"C:\Users\LYUAN\OneDrive - Environmental Protection Agency (EPA)\Desktop\work\bst\code\BST\HWIR\MetDa",,"tbl_Model_Parameters:System",0,"MetDir"
"Source","Model",,"OutputDB","NA","Location of output data for source model runs","C:\Users\LYUAN\OneDrive - Environmental Protection Agency (EPA)\Desktop\work\bst\code\BST\SOURCE_RES",,,"Constant",,,"C:\Users\LYUAN\OneDrive - Environmental Protection Agency (EPA)\Desktop\work\bst\code\BST\SOURCE_RES",,"tbl_Model_Parameters:System",0,"OutputDB"
"Waterbody",,,"Cd","[dimensionless]","Drag coefficient","0.0011",25,"needed for VVWM","Constant",,,"0.0011",,"tbl_Model_Parameters:WB",0,"Cd"
"Waterbody",,,"kappa","[dimensionless]","von Karmans Constant","0.4",25,"needed for VVWM","Constant",,,"0.4",,"tbl_Model_Parameters:WB",0,"kappa"
"Waterbody",,,"lambda_z","[dimensionless]","Viscous sublayer thickness","4.0",25,"needed for VVWM","Constant",,,"4.0",,"tbl_Model_Parameters:WB",0,"lambda_z"
"Waterbody",,,"Mu_air","[g/cm-sec]","Air viscosity","0.000181",25,"needed for VVWM","Constant",,,"0.000181",,"tbl_Model_Parameters:WB",0,"Mu_air"
"Waterbody",,,"Mu_water","[g/cm-sec]","Water viscosity","0.0169",25,"needed for VVWM","Constant",,,"0.0169",,"tbl_Model_Parameters:WB",0,"Mu_water"
"Waterbody",,,"NumSWYear","[years]","Number of years to model the waterbody","50",146,,"Constant",,,"50",,"tbl_Model_Parameters:System",0,"NumSWYear"
"Waterbody",,,"Rho_air","[g/cm3]","Air density","0.0012",25,"needed for VVWM","Constant",,,"0.0012",,"tbl_Model_Parameters:WB",0,"Rho_air"
"Waterbody",,,"Rho_water","[g/cm3]","Water density","1.0",25,"needed for VVWM","Constant",,,"1.0",,"tbl_Model_Parameters:WB",0,"Rho_water"
"Waterbody",,,"Thlc","[deg K]","Temperature of Henry's Law Constant","293",25,"needed for VVWM","Constant",,,"293",,"tbl_Model_Parameters:WB",0,"Thlc"
"Waterbody",,,"TSSwc","[mg/L]","TSS in water column","30",143,"was TSSdefault; changed for VVWM","Constant",,,"30",,"tbl_Model_Parameters:System",0,"TSSwc"
"Waterbody",,,"Twater","[deg K]","Waterbody temperature","298",25,"needed for VVWM","Constant",,,"298",,"tbl_Model_Parameters:WB",0,"Twater"
"Waterbody","Chemical","Chemical Property","temp_ref_anae_all","[C]","Reference temperature for benthic degradation","Chemical specific",,"added for VVWM","Constant",0.00,100.00,"25",,"Chemical_constant",0,"temp_ref_anae_all"
"Waterbody","Chemical","Chemical Property","Heat_of_Henry","[J/mol]","Enthalpy of phase transformation from aqueous solution to air solution","Chemical specific",,"added for VVWM","Constant",0.00,100000.0,"54000",,"Chemical_constant",0,"Heat_of_Henry"
"Waterbody",,,"burialflag","NA","Sediment burial flag: true = burial occuring and removing chemical","TRUE",,"added for VVWM","Constant",,,"TRUE",,"tbl_Model_Parameters:WB",0,"burialflag"
"Waterbody",,,"D_over_dx_3","[m/s]","Mass transfer coefficient (m/s) as defined by D/?x in Eqn . 46 (index reservoir)","Specific",,"added for VVWM",,,,"",,"Fate_constant:Constant",0,"D_over_dx_3"
"Waterbody",,,"D_over_dx_5","[m/s]","Mass transfer coefficient (m/s) as defined by D/?x in Eqn . 46 (farm pond)","Specific",,"added for VVWM",,,,"",,"Fate_constant:Constant",0,"D_over_dx_5"
"Waterbody",,,"bulk_density","[g/mL]","Bulk density of benthic region (g/mL). Mass of solids per total volume.","1.85",,"added for VVWM","Constant",,,"1.85",,"tbl_Model_Parameters:WB",0,"bulk_density"
"Waterbody",,,"DOC2","[mg/L]","Concentration of dissolved organic carbon in benthic region (mg/L)","5",,"added for VVWM","Constant",,,"5",,"tbl_Model_Parameters:WB",0,"DOC2"
"Waterbody",,,"BNMAS","[g/m2]","Areal concentration of biota in benthic region (g/m2)","0.006",,"added for VVWM","Constant",,,"0.006",,"tbl_Model_Parameters:WB",0,"BNMAS"
"Waterbody",,,"DFAC","[dimensionless]","Photolysis parameter defined in eqn. 23","1.19",,"added for VVWM","Constant",,,"1.19",,"tbl_Model_Parameters:WB",0,"DFAC"
"Waterbody",,,"CHL","[mg/L]","Chlorophyll concentration in water column (mg/L)","0.005",,"added for VVWM","Constant",,,"0.005",,"tbl_Model_Parameters:WB",0,"CHL"
"Waterbody",,,"FROC1","[dimensionless]","Fraction of organic carbon on suspended sediment in water column.","0.04",,"added for VVWM","Constant",,,"0.04",,"tbl_Model_Parameters:WB",0,"FROC1"
"Waterbody",,,"DOC1","[mg/L]","Concentration of dissolved organic carbon in water column (mg/L)","5",,"added for VVWM","Constant",,,"5",,"tbl_Model_Parameters:WB",0,"DOC1"
"Waterbody",,,"PLMAS","[mg/L]","Concentration of suspended biota (biomass) in water column (mg/L)","0.4",,"added for VVWM","Constant",,,"0.4",,"tbl_Model_Parameters:WB",0,"PLMAS"
"Waterbody",,,"flow_averaging","[days]","Number of days that are used to average the influent water flow. If = 0, then the flow rate to be used in the program is the average flow rate of the entire simulation.","30",,"added for VVWM","Constant",,,"30",,"tbl_Model_Parameters:WB",0,"flow_averaging"
"Waterbody",,,"baseflow","[m3/s]","Provides an additional constant flow through the waterbody m3/s","0",,"added for VVWM","Constant",,,"0",,"tbl_Model_Parameters:WB",0,"baseflow"
"Waterbody",,,"is_hed_files_made","NA","TRUE will produce the files specified in lines 75 to 80 (extra output files)","FALSE",,"added for VVWM","Constant",,,"FALSE",,"tbl_Model_Parameters:WB",0,"is_hed_files_made"
"Waterbody",,,"is_add_return_frequency","NA","Is alternative return frequency to be used in addition to the 10 year return default for output?","FALSE",,"added for VVWM","Constant",,,"FALSE",,"tbl_Model_Parameters:WB",0,"is_add_return_frequency"
"Waterbody",,,"additional_return_frequency","NA","Alternative return frequency to be used in addition to the 10 year return default for output",,,"added for VVWM","Constant",,,"",,"tbl_Model_Parameters:WB",0,"additional_return_frequency"
"Waterbody",,,"is_calc_prben","NA","TRUE means use the varying distribution method, FALSE means use fixed distribution; Xd in equation 40 and 41, is dummy number if is_calc_prben set to TRUE","TRUE",,"added for VVWM","Constant",,,"TRUE",,"tbl_Model_Parameters:WB",0,"is_calc_prben"
"Waterbody",,,"PRBEN","[dimensionless]","PRBEN value entered in input used to calculate fraction; Kd based on foc and Koc (Used in CoreCalclations.F90 and MassInputs.F90)","0.5",,"added for VVWM","Constant",,,"0.5",,"tbl_Model_Parameters:WB",0,"PRBEN"
"Media","Chemical","Chemical Property","Kaer","(1/day)","Aerobic biodegradation rate (surface-water column)","Chemical Specific",,"default 0; added for VVWM","Constant",0.00,100.00,"0.495",,"Chemical_constant",0,"Kaer"
"Media","Chemical","Chemical Property","Kpo","(1/day)","Photolysis degradation rate in the surface of the water column","Chemical Specific",,"default 0; added for VVWM","Constant",0.00,100.00,"0.0693",,"Chemical_constant",0,"Kpo"
"Waterbody","Chemical","Chemical Property","temp_ref_aer_all","[C]","Reference temperature for water column degradation","Chemical specific",,"added for VVWM","Constant",0.00,100.00,"25",,"Chemical_constant",0,"temp_ref_aer_all"
"Source","SI","SI","bio_yield","[g/g]","Biomass yield","0.6",143,,"Constant",,,"0.6",,"tbl_Model_Parameters:SI",0,"Biomass yield"
"Source","SI","SI","CBOD","[g/cm3]","BOD (influent)","0.000005",143,,"Constant",,,"0.000005",,"tbl_Model_Parameters:SI",0,"CBOD"
"Source","SI","SI","d_imp","[cm]","Impeller diameter","0",143,,"Constant",,,"0",,"tbl_Model_Parameters:SI",0,"d_imp"
"Source","SI","SI","d_liner","[m]","Thickness of liner","Specific",,,,,,"",,"Fate_constant:SI",0,"d_liner"
"Source","SI","SI","d_setpt","[fraction]","Fraction of SI occupied by sediments (max)","0.5",143,,"Constant",,,"0.5",,"tbl_Model_Parameters:SI",0,"d_setpt"
"Source","SI","SI","d_wmu","[m]","Depth (SI)","2",143,,"Constant",,,"2",,"tbl_Model_Parameters:SI",0,"d_wmu"
"Source","SI","SI","DBGS","[m]","Depth Below Ground Surface","0",143,,"Constant",,,"0",,"tbl_Model_Parameters:SI",0,"DBGS"
"Source","SI","SI","dmeanTSS","[cm]","Particle diameter","0.001",143,,"Constant",,,"0.001",,"tbl_Model_Parameters:SI",0,"dmeanTSS"
"Source","SI","SI","EconLife","[year]","Economic life of a SI","50",143,,"Constant",,,"50",,"tbl_Model_Parameters:SI",0,"EconLife"
"Source","SI","SI","F_aer","[fraction]","Fraction surface area-turbulent","0",143,,"Constant",,,"0",,"tbl_Model_Parameters:SI",0,"F_aer"
"Source","SI","SI","hydc_liner","[m/s]","Saturated conductivity of liner","Specific",,,,,,"",,"Fate_constant:SI",0,"hydc_liner"
"Source","SI","SI","hydc_sed","[m/s]","Hydraulic conductivity (sediment layer)","0.0000005",143,,"Constant",,,"0.0000005",,"tbl_Model_Parameters:SI",0,"hydc_sed"
"Source","SI","SI","Infil_CompLiner","[m/d]","Composite Liner Infiltration (m/d)","Specific",,,,,,"",,"Fate_constant:SI",0,"Infil_CompLiner"
"Source","SI","SI","J","[lb O2/h-hp]","Oxygen transfer factor","3",143,,"Constant",,,"3",,"tbl_Model_Parameters:SI",0,"J"
"Source","SI","SI","k_dec","[1/s]","Digestion rate of sediments","0.0000007",143,,"Constant",,,"0.0000007",,"tbl_Model_Parameters:SI",0,"k_dec"
"Source","SI","SI","kba1","[dimensionless]","Biologically active solids/total solids ratio","0.4",143,,"Constant",,,"0.4",,"tbl_Model_Parameters:SI",0,"kba1"
"Source","SI","SI","LinerALPHA","[1/cm]","Soil retention parameter alpha (liner)","0.008",143,,"Constant",,,"0.008",,"tbl_Model_Parameters:SI",0,"LinerALPHA"
"Source","SI","SI","LinerBETA","[dimensionless]","Soil retention parameter beta (liner)","1.09",143,,"Constant",,,"1.09",,"tbl_Model_Parameters:SI",0,"LinerBETA"
"Source","SI","SI","LinerType","NA","Liner type (0=no liner, 1=soil liner, 2=DL)","Specific",,"Current value stored in temp field",,,,"",,"tbl_Model_Parameters:System",0,"LinerType"
"Source","SI","SI","MWt_H2O","[g/mol]","MW (liquid water)","18",143,,"Constant",,,"18",,"tbl_Model_Parameters:SI",0,"MWt_H2O"
"Source","SI","SI","n_imp","[dimensionless]","Number of Impellers/aerators","0",143,,"Constant",,,"0",,"tbl_Model_Parameters:SI",0,"n_imp"
"Source","SI","SI","NumEcon","[dimensionless]","Number of economic lifetimes","1",143,,"Constant",,,"1",,"tbl_Model_Parameters:SI",0,"NumEcon"
"Source","SI","SI","O2eff","[dimensionless]","Oxygen transfer correction factor","0.8",143,,"Constant",,,"0.8",,"tbl_Model_Parameters:SI",0,"O2eff"
"Source","SI","SI","Powr","[hp]","Total Power for Impellers/aerators","0",143,,"Constant",,,"0",,"tbl_Model_Parameters:SI",0,"Powr"
"Source","SI","SI","Q_wmu","[m3/s]","Volumetric influent flow rate","0.000004",143,,"Constant",,,"0.000004",,"tbl_Model_Parameters:SI",0,"Q_wmu"
"Source","SI","SI","rho_l","[g/cm3]","Density (liquid water)","0.998",143,,"Constant",,,"0.998",,"tbl_Model_Parameters:SI",0,"rho_l"
"Source","SI","SI","rho_part","[g/cm3]","Solids density","2.5",143,,"Constant",,,"2.5",,"tbl_Model_Parameters:SI",0,"rho_part"
,,,"Area_FP","[m2]","Farm pond area","10000",269,,"Constant",,,"10000",,"tbl_Model_Parameters:WB",0,"Area_FP"
"Source","SI","SI","SedAlpha","[1/cm]","Soil retention parameter alpha (sediment)","0.00152",143,,"Constant",,,"0.00152",,"tbl_Model_Parameters:SI",0,"SedAlpha"
"Source","SI","SI","SedBeta","[dimensionless]","Soil retention parameter beta (sediment)","1.37",143,,"Constant",,,"1.37",,"tbl_Model_Parameters:SI",0,"SedBeta"
"Source","SI","SI","TSS_in","[g/cm3]","Total suspended solids (influent)","0.1",143,,"Constant",,,"0.1",,"tbl_Model_Parameters:SI",0,"TSS_in"
"Source","SI","SI","TSS_out","[g/cm3]","Total Suspended Solids (effluent)","0",143,,"Constant",,,"0",,"tbl_Model_Parameters:SI",0,"TSS_out"
"Source","SI","SI","w_imp","[rad/s]","Impeller speed","0",143,,"Constant",,,"0",,"tbl_Model_Parameters:SI",0,"w_imp"
"Source","SI","SI","Area_SI","[m2]","Area surface disposal","6013",143,,"Constant",,,"6013",,"tbl_Model_Parameters:SI",0,
"Source","SI","SI","NumVad","NA","Number of vadose zones","1",143,,"Constant",,,"1",,"tbl_Model_Parameters:SI",0,"NumVad"
"Media","DispersionSI",,"DydvSI_4","[g/m2-yr]/[g/sec-m2]","Normalized dry deposition over watershed (vapor)","Site-specific",,,"Constant",,,"",,"Fate_constant:Dispersion",0,"Dydv_RWS"
"Media","DispersionSI",,"DydvSI_5","[g/m2-yr]/[g/sec-m2]","Normalized dry deposition over farm pond (vapor)","Site-specific",,,"Constant",,,"",,"Fate_constant:Dispersion",0,"Dydv_pond"
"Media","DispersionSI",,"DywpSI_1","[g/m2-yr]/[g/sec-m2]","Normalized wet deposition over field (particle)","Site-specific",,,"Constant",,,"",,"Fate_constant:Dispersion",0,"Dywp_field"
"Media","DispersionSI",,"DywpSI_2","[g/m2-yr]/[g/sec-m2]","Normalized wet deposition over buffer (particle)","Site-specific",,,"Constant",,,"",,"Fate_constant:Dispersion",0,"Dywp_buffer"
"Media","DispersionSI",,"DywpSI_3","[g/m2-yr]/[g/sec-m2]","Normalized wet deposition over index reservoir (particle)","Site-specific",,,"Constant",,,"",,"Fate_constant:Dispersion",0,"Dywp_reserv"
"Media","DispersionSI",,"DywpSI_4","[g/m2-yr]/[g/sec-m2]","Normalized wet deposition over  watershed (particle)","Site-specific",,,"Constant",,,"",,"Fate_constant:Dispersion",0,"Dywp_RWS"
"Media","DispersionSI",,"DywpSI_5","[g/m2-yr]/[g/sec-m2]","Normalized wet deposition over farm pond (particle)","Site-specific",,,"Constant",,,"",,"Fate_constant:Dispersion",0,"Dywp_pond"
"Media","DispersionSI",,"DywvSI_1","[g/m2-yr]/[g/sec-m2]","Normalized wet deposition over field (vapor)","Site-specific",,,"Constant",,,"",,"Fate_constant:Dispersion",0,"Dywv_field"
"Media","DispersionSI",,"DywvSI_2","[g/m2-yr]/[g/sec-m2]","Normalized wet deposition over buffer (vapor)","Site-specific",,,"Constant",,,"",,"Fate_constant:Dispersion",0,"Dywv_buffer"
"Media","DispersionSI",,"DywvSI_3","[g/m2-yr]/[g/sec-m2]","Normalized wet deposition over index reservoir (vapor)","Site-specific",,,"Constant",,,"",,"Fate_constant:Dispersion",0,"Dywv_reserv"
"Media","DispersionSI",,"DywvSI_4","[g/m2-yr]/[g/sec-m2]","Normalized wet deposition over  watershed (vapor)","Site-specific",,,"Constant",,,"",,"Fate_constant:Dispersion",0,"Dywv_RWS"
"Media","DispersionSI",,"DywvSI_5","[g/m2-yr]/[g/sec-m2]","Normalized wet deposition over farm pond (vapor)","Site-specific",,,"Constant",,,"",,"Fate_constant:Dispersion",0,"Dywv_pond"
"Risk","Internal","Toxicity","Ref_BMD_Bird","[mg chem/kg BW/day]","Reference benchmark dose (bird)","Chemical specific",,,"Constant",0.00,100000.0,"825",,"Chemical_Constant",0,"Ref_BMD_Bird"
"Risk","Internal","Exposure","Ref_BW_Mammal","[kg]","Reference body weight (mammal)","Chemical specific",,,"Constant",0.00,2000.00,"0",,"Chemical_Constant",0,"Ref_BW_Mammal"
"Risk","Internal","Exposure","Ref_BW_Bird","[kg]","Reference body weight (bird)","Chemical specific",,,"Constant",0.00,2000.00,"191",,"Chemical_Constant",0,"Ref_BW_Bird"
"Risk","Internal","Toxicity","Ref_BMD_Mammal","[mg chem/kg BW/day]","Reference benchmark dose (mammal)","Chemical specific",,,"Constant",0.00,100000.0,"0",,"Chemical_Constant",0,"Ref_BMD_Mammal"
,,,"DAF_SI","[mg/L leachate]/[mg/L GW]","Dilution attenuation factor for groundwater (by SI liner type)","Specific",,,,,,"",,"Fate_constant:SI",0,"DAF"
