"RefID","ShortRef","First_Author","Year_of_Pub","FullRef","RefType","Folder","Filename","TblModelParam","Chemical_Constant","Ecological_Constant","Exposure_Constant","Fate_Constant","Export","ExportForSAB18"
2,"ATSDR MRL","ATSDR","2021","ATSDR (Agency for Toxic Substances and Disease Registry). 2021 (July). Minimal Risk Levels (MRLs) for Hazardous Substances. https://www.atsdr.cdc.gov/mrls/index.html. Accessed December 2, 2021.","PDF","Tox-human","0002_ATSDR_2021.pdf",0,1,0,0,0,1,1
5,"Bacci et al., 1992","Bacci","1992","Bacci, E., Cerejeira, M. J., Gaggi, C., Chemello, G., Calamari, D., and Vighi, M.. 1992. Chlorinated dioxins: Volatilization from soils and bioconcentration in plant leaves. Bulletin of Environmental Contamination and Toxicology 48(3):401–408.","PDF","Uptake","0005_Bacci_1992.pdf",0,1,0,0,0,1,1
6,"Baes et al., 1984","Baes","1984","Baes, C.F., III, R.D. Sharp, A.L. Sjoreen, and R.W. Shor. 1984. A Review and Analysis of Parameters for Assessing Transport of Environmentally Released Radionuclides through Agriculture. ORNL-5786. Oak Ridge National Laboratory.","PDF","Uptake","0006_Baes_1984.pdf",0,1,0,0,0,1,1
7,"Barrows et al., 1980","Barrows","1980","Barrows, M.E., S.R. Petrocelli, K.J. Macek, and J.J. Carroll. 1980. Chapter 24: Bioconcentration and elimination of selected water pollutants by bluegill sunfish (Lepomis macrochirus). In Dynamics, Exposure and Hazard Assessment of Toxic Chemicals. Edited by R. Haque. Ann Arbor, MI: Ann Arbor Science.","Book chapter","Uptake","NA",0,1,1,0,0,1,1
8,"Boreen et al., 2003","Boreen","2003","Boreen, A.L., W.A. Arnold, K. McNeill. 2003. Photodegradation of pharmaceuticals in the aquatic environment: A review. Aquatic Sciences 65(4): 320–341.","Journal",,,0,1,0,0,0,1,0
9,"Briggs et al., 1982","Briggs","1982","Briggs, G.G., R.H. Bromilow, and A. A. Evans. 1982. Relationships between lipophilicity and root uptake and translocation of nonionised chemicals by barley. Pesticide Science 13:495–504.","Journal",,,0,1,0,0,0,1,1
10,"Bruce et al., 2010","Bruce","2010","Bruce, GM, Pleus RC, Snyder, SA. 2010. Toxicological relevance of pharmaceuticals in drinking water.  Environ Sci & Technol 44(14):5619–5626.","Journal",,,0,1,0,0,0,1,0
11,"CalEPA CSF","CalEPA","2020","CalEPA (California Environmental Protection Agency). 2020 (October). Air Toxics Hot Spots Program Risk Assessment Guidelines: Cancer Potency Factors. Berkeley, CA: Office of Environmental Health Hazard Assessment. Available at http://oehha.ca.gov/media/downloads/crnr/appendixa.pdf. Accessed July 29, 2021.","PDF","Tox-human","0011_CalEPA-CSF_2020.pdf",0,1,0,0,0,1,0
12,"CalEPA REL","CalEPA","2019","CalEPA (California Environmental Protection Agency). 2019 (November). Air Toxics Hot Spots Program Risk Assessment Guidelines: OEHHA Acute, 8-hour, and Chronic Reference Exposure Levels (RELs). Berkeley, CA: Office of Environmental Health Hazard Assessment. Available at http://oehha.ca.gov/air/general-info/oehha-acute-8-hour-and-chronic-reference-exposure-level-rel-summary. Accessed November 17, 2021.","Link (database)","Tox-human","0012_CalEPA-REL_2019.txt",0,1,0,0,0,1,1
13,"Carballa et al., 2008","Carballa","2008","Carballa, M., G. Fink, F. Omila, J.M. Lemaa, and T. Ternes. 2008. Determination of the solid–water distribution coefficient (Kd) for pharmaceuticals, estrogens and musk fragrances in digested sludge. Water Research 42:287–295.","PDF","Chemical","0013_Carballa_2008.pdf",0,1,0,0,0,1,0
14,"Chee-Sandford et al., 2009","Chee-Sanford","2009","Chee-Sanford, J.C., R.I. Mackie, S. Koike, I.G. Krapac, Y.F. Lin, A.C. Yannarell, S. Maxwell, and R.I. Aminov. 2009. Fate and Transport of Antibiotic Residues and Antibiotic Resistance Genes following Land Application of Manure Waste. J. Environ. Qual. 38:1086–1108.","PDF","Chemical","0014_Chee-Sanford_2009.pdf",0,1,0,0,0,1,0
15,"CRC (Lide, 2010)","Lide","2010","Lide, D.R. (ed.). 2010. CRC Handbook of Chemistry and Physics, 90th Edition (CD-ROM Version 2010), Boca Raton, FL: CRC Press/Taylor and Francis.","Book","Chemical","NA",0,1,0,0,0,1,1
16,"Cunningham et al., 2009","Cunningham","2009","Cunningham, V.L., S.P. Binks, and M.J. Olson. 2009. Human health risk assessment from the presence of human pharmaceuticals in the aquatic environment. Regul Toxicol Pharmacol. 53(1):39–45.","PDF","Tox-human","0016_Cunningham_2009.pdf",0,1,0,0,0,1,0
17,"ECOTOX (Cleveland, 1991)","Cleveland","1991","?	Cleveland, L., D.R. Buckler and W.G. Brumbaugh. 1991a. Residue dynamics and effects of aluminum on growth and mortality in brook trout. Environ. Toxicol. Chem. 10(2): 243-8","Link (Database)","Tox-eco","0017_ECOTOX_2015.txt",0,1,1,0,0,1,1
18,"EPISuite (U.S. EPA, 2010)","U.S. EPA","2010","U.S. EPA (Environmental Protection Agency). 2010. Estimation Programs Interface Suite (EPISuite) for Microsoft Windows, v 4.10. Washington, DC: U.S. Environmental Protection Agency. September.","Link (Software)","Chemical","0018_EPISuite_2010.txt",0,1,1,0,0,1,1
20,"JECFA ADI","FAO/WHO","2021","FAO/WHO (Food and Agriculture Organization of the United Nations/World Health Organization). 2021. Residues of Some Veterinary Drugs in Food and Animals. Available at https://www.fao.org/food/food-safety-quality/scientific-advice/jecfa/jecfa-vetdrugs/en/. Accessed July 29, 2021.","PDF","Tox-human","0020_JECFA_2021s.pdf",0,1,0,0,0,1,0
22,"Fertilizers (U.S. EPA, 1999)","U.S. EPA","1999","U.S. EPA (Environmental Protection Agency). 1999. Estimating Risk from the Use of Agricultural Fertilizers (Draft Report). Washington, DC: Office of Solid Waste. ","PDF","Chemical","0022_Fertilizers_1999.pdf",0,1,0,0,0,1,0
23,"HEAST (U.S. EPA, 1997d)","U.S. EPA","1997","U.S. EPA (Environmental Protection Agency). 1997a. Health Effects Assessment Summary Tables, http://cfpub.epa.gov/ncea/cfm/recordisplay.cfm?deid=2877.","PDF","Tox-human","0023_HEAST_1997.pdf",0,1,0,0,0,1,0
25,"HHRAP (U.S. EPA, 2005a)","U.S. EPA","2005","U.S. EPA (Environmental Protection Agency). 2005. Human Health Risk Assessment Protocol for Hazardous Waste Combustion Facilities. EPA/530/R-05/006. U.S. EPA, Office of Solid Waste and Emergency Response. September. Washington, DC. ","ZIP (PDFs)","General & fate","0025_HHRAP_2005.zip",1,0,1,0,0,1,1
26,"WERF (Higgins et al., 2010)","Higgins","2010","Higgins, C.P., J.O. Sharp, J.G. Sepulvado, B Littrell, G. O’Connor, E. Snyder, D. McAvoy. 2010. State-of-the-Science Review of Occurrence and Physical, Chemicals, and Biological Processes Affecting Biosolids-Borne Trace Organic Chemicals in Soils. Prepared for Water Environmental Research Foundation (WERF).","PDF","Chemical","0026_WERF-Higgins_2010.pdf",0,1,0,0,0,1,1
27,"Howard et al., 1991","Howard","1991","Howard, P.H., R.S. Boethling, W.F. Jarvis, W.M. Meylan, and E.M. Michalenko. 1991. Handbook of Environmental Degradation Rates. H.T. Printup (ed.). Lewis Publishers, Inc., Chelsea, MI.","Book","Chemical","NA",0,1,0,0,0,1,1
28,"HSDB (U.S. NLM, 2010)","U.S. NLM","2010","U.S. NLM (National Library of Medicine). 2010. Hazardous Substances Data Bank (HSDB). Available at https://pubchem.ncbi.nlm.nih.gov/.","Link (Database)","Chemical","0028_HSDB_2010.txt",0,1,1,0,0,1,1
29,"IRIS","U.S. EPA","2021","U.S. EPA (Environmental Protection Agency). 2021a. Integrated Risk Information System (IRIS). Washington, DC: National Center for Environmental Assessment, Office of Research and Development. Available at  http://www.epa.gov/iris/. Accessed July 29, 2021.","Link (database)","Tox-human","0029_IRIS_2021.txt",0,1,0,0,0,1,1
30,"Knapp et. al., 2005","Knapp","2005","Knapp, C.W., L.A. Cardoza, J.N. Hawes, E.M.H. Wellington, C.K. Larive, and D.W. Graham. 2005. Fate and effects of enrofloxacin in aquatic systems under different light conditions. Environ. Sci. Technol. 39:9140–9146.","Journal",,,0,1,0,0,0,1,0
31,"Kollig, 1993","Kollig","1993","Kollig, H.P. 1993. Environmental Fate Constants for Organic Chemicals Under Consideration for EPA’s Hazardous Waste Identification Projects. EPA/600/R-93/132. Athens, GA: U.S. Environmental Protection Agency, Office of Research and Development, Environmental Research Laboratory.","PDF","Chemical","0031_Kollig_1993.pdf",0,1,0,0,0,1,1
33,"Latch et al., 2003","Latch","2003","Latch, D.E., B.L. Stender, J.L. Packer, W.A. Arnold, and K. McNeill. 2003. Photochemical fate of pharmaceuticals in the environment:  Cimetidine and ranitidine. Environmental Science and Technology 37(15):3342–3350.","Journal",,,0,1,0,0,0,1,0
34,"Lemly, 1985","Lemly","1985","Lemly, A.D. 1985. Toxicology of selenium in a freshwater reservoir: Implications for environmental hazard evaluation and safety. Ecotoxicology and Environmental Safety 10:314–338.","Journal",,,0,1,1,0,0,1,0
35,"Lin & Reinhardt, 2005","Lin","2005","Lin, A. Y., and M. Reinhard. 2005. Photodegradation of common environmental pharmaceuticals and estrogens in river water. Environ. Toxicol. Chem. 24(6):1303–1309.","Journal",,,0,1,0,0,0,1,0
36,"Lizondo et. al., 1997","Lizondo","1997","Lizondo, M. M. Pons, M. Gallardo, and J. Estelrich. 1997. Physicochemical properties of enrofloxacin. Journal of Pharmaceutical and Biomedical Analysis 15:1845–1849.","PDF","Chemical","0036_Lizondo_1997",0,1,0,0,0,1,0
37,"Mills et al., 1985","Mills","1985","Mills, W.B., D.B. Porcella, M.J. Ungs, S.A. Gherini, K.V. Summers, L. Mok, G.L. Rupp, and G.L. Bowie. 1985. Water Quality Assessment: A Screening Procedure for Toxic and Conventional Pollutants, Part I. Revised. EPA-600/5-85/002a. Prepared by Tetra Tech, Inc., for U.S. EPA, Office of Research and Development, Environmental Research Laboratory, Athens, GA.","PDF","Chemical","0037_Mills_1985.pdf",0,1,0,0,0,1,1
38,"MRTC (U.S. EPA, 1997b)","U.S. EPA","1997","U.S. EPA (Environmental Protection Agency). 1997. Mercury Study Report to Congress (MRTC). Volume III - Fate and Transport of Mercury in the Environment. EPA 452/R-97/005. Office of Air Quality Planning and Standards and Office of Research and Development, Washington, DC.","PDF","Chemical","0038_MRTCv3_1997.pdf",0,1,1,0,0,1,1
39,"Murphy et al., 1978","Murphy","1978","Murphy, B.R., G.J. Atchison, and A.W. McIntosh. 1978. Cadmium and zinc in muscle of bluegill (Lepomis macrochirus) and largemouth bass (Micropterus salmoides) from an industrially contaminated lake. Environmental Pollution 17:253-257.","Journal",,,0,1,1,0,0,1,1
40,"NAS Tol Upper Limit","NAS","2019","NAS (National Academy of Sciences). 2019. Tolerable Upper Intake Levels, Elements. Available at https://ods.od.nih.gov/HealthInformation/Dietary_Reference_Intakes.aspx. Accessed July 29, 2021.","PDF","Tox-human","0040_NAS_2019.pdf",0,1,0,0,0,1,0
41,"NJDEP","NJDEP","2009","NJDEP (New Jersey Department of Environmental Protection). 2009. Derivation of Ingestion-Based Soil Remediation Criterion for Cr+6 Based on the NTP Chronic Bioassay Data for Sodium Dichromate Dihydrate. Trenton, NJ. Available at https://www.nj.gov/dep/dsr/chromium/.","PDF","Tox-human","0041_NJDEP_2009.pdf",0,1,0,0,0,1,0
42,"HHBP","U.S. 	EPA","2021","U.S. EPA (Environmental Protection Agency). 2021b. Human Health Benchmarks for Pesticides. August. Available at https://iaspub.epa.gov/apex/pesticides/f?p=HHBP:home:10189911921861:::::","PDF","Tox-human","0042_HHBP_2021.pdf",0,1,0,0,0,1,1
44,"Physprop","SRC","2016","SRC (Syracuse Research Corporation). 2016. Physprop (Physical Properties Database). http://www.srcinc.com/what-we-do/databaseforms.aspx?id=386.","Link (Database)","Chemical","0044_PhysProp_2016.txt",0,1,0,0,0,1,1
45,"PPRTV","U.S. EPA","2021","U.S. EPA (Environmental Protection Agency). 2021d. Superfund Provisional Peer-Reviewed Toxicity Values. Available at https://hhpprtv.ornl.gov/. Accessed July 29, 2021.","PDF","Tox-human","0045_PPRTV_2021.pdf",0,1,0,0,0,1,1
48,"RIVM (Baars et al., 2001)","Baars","2001","Baars, A.J., R.M.C. Theelen, P.J.C.M. Janssen, J.M. Hesse, M.E. van Apeldoorn, M.C.M. Meirjerink, L. Verdam, and M.J. Zeilmaker. 2001. Re-evaluation of human-toxicological maximum permissible risk levels. RIVM (Rijksinstituut Voor Volksgezondheid En Milieu) Report 711701025. March. http://rivm.openrepository.com/rivm/bitstream/10029/9662/1/711701025.pdf","PDF","Tox-human","0048_RIVM_2001.pdf",0,1,0,0,0,1,1
49,"RTI, 2005","RTI","2005","RTI International. 2005. Methodology for Predicting Cattle Biotransfer Factors. Prepared for U.S. Environmental Agency, Office of Solid Waste, Washington, DC, by Research Triangle Institute, Research Triangle Park, NC.","PDF","Uptake","0049_RTI_2005.pdf",0,1,0,0,0,1,1
50,"SCDM (U.S. EPA, 2004)","U.S. EPA","2004","U.S. EPA (Environmental Protection Agency). 2004. Superfund Chemical Data Matrix (SCDM). U.S. Environmental Protection Agency. http://epa.gov/superfund/sites/npl/hrsres/tools/SCDM.htm.","Link (Database)","Chemical","0050_SCDM_2004.txt",0,1,0,0,0,1,1
51,"Schwab et al., 2005","Schwab","2005","Schwab, B.W., E.P. Hayes, J.M. Fiori, et al. 2005. Human pharmaceuticals in US surface waters: a human health risk assessment. Regul Toxicol Pharmacol. 42(3):296–312.","PDF","Tox-human","0051_Schwab_2005.pdf",0,1,0,0,0,1,1
52,"Snyder, 2008","Snyder","2008","Snyder, S.A. 2008. Occurrence, treatment, and toxicological relevance of EDCs and pharmaceuticals in water. Ozone: Science and Engineering 30:65–69.","Journal",,,0,1,0,0,0,1,0
53,"Soderstrom et al., 2004","Soderstrom","2004","Söderström, G. U. Sellström, C.A. de Wit, M. Tysklind. 2004. Photolytic debromination of decabromodiphenyl ether (BDE 209). Environmental Science & Technology 38(1): 127–132.","Journal",,,0,1,0,0,0,1,0
54,"SPARC","SPARC","2009","SPARC Performs Automated Reasoning in Chemistry. 2009. On-line calculator. Developed at the University of ,Georgia through grants from U.S. EPA. Release w4.5.1529-s4.5.1529. September. Available (but not free) at http://archemcalc.com/sparc.html.","Link (software, paid)","Chemical","0054_SPARC_2009.txt",0,1,0,0,0,1,1
55,"Stephan, 1993","Stephan","1993","Stephan, C.E. 1993. Derivation of proposed human health and wildlife bioaccumulation factors for the Great Lakes Initiative. Duluth, MN: U.S. Environmental Research Laboratory.","PDF","Uptake","0055_Stephan_1993.pdf",0,1,1,0,0,1,0
56,"Tittlemier et al., 2002","Tittlemier","2002","Tittlemier, S.A.,t.  Halldorson, G.A. Stern, G.T. Tomy. 2002. Vapor pressures, aqueous solubilities, and Henry's law constants of some brominated flame retardants. Environ Toxicol Chem. 21(9):1804–10.","Journal",,,0,1,0,0,0,1,0
58,"Travis & Arms, 1988","Travis","1988","Travis, C.C., and A.D. Arms. 1988. Bioconcentration of organics in beef, milk, and vegetation. Environmental Science and Technology 22(3):271–274.","Journal",,,0,1,0,0,0,1,1
59,"TSD-SS (U.S. EPA, 1992)","U.S. EPA","1992","U.S. EPA (Environmental Protection Agency). 1992. Technical Support Document for the Land Application of Sewage Sludge. Volumes I and II. EPA 822/R-93-001a. Washington, DC: Office of Water","PDF","Chemical","0059v1_TSD-SSv1_1992.pdf
0059v2_TSD-SSv2_1992.pdf",0,1,0,0,0,1,1
60,"IRIS Supp. Doc (U.S. EPA, 2008b)","U.S. EPA","2008","U.S. EPA (Environmental Protection Agency). 2008b. Toxicological Review of 2,2’,4,4’-Tetrabromodiphenyl Ether (BDE-47). In Support of Summary Information on the Integrated Risk Information System (IRIS). U.S. Environmental Protection Agency, Washington, DC. June.","PDF","Chemical","0060_IRIS-suppl-BDE-47_2008.pdf",0,1,0,0,0,1,0
61,"IRIS Supp. Doc (U.S. EPA, 2008c)","U.S. EPA","2008","U.S. EPA (Environmental Protection Agency). 2008c. Toxicological Review of 2,2’,4,4’,5-Pentabromodiphenyl Ether (BDE-99). In Support of Summary Information on the Integrated Risk Information System (IRIS). U.S. Environmental Protection Agency, Washington, DC. June.","PDF","Chemical","0061_IRIS-suppl-BDE-99_2008.pdf",0,1,0,0,0,1,1
62,"Paint listing (U.S. EPA, 2001b)","U.S. EPA","2001","U.S. EPA (Environmental Protection Agency). 2001. Risk Assessment Technical Background Document for the Paint and Coatings Hazardous Waste Listing Determination. Office of Solid Waste, Washington, DC. January. Appendix H.","PDF","Chemical","0062_Paints_2001.pdf",0,1,0,0,0,1,0
63,"Part. Coeff Doc (U.S. EPA, 2005b)","U.S. EPA","2005","U.S. EPA (Environmental Protection Agency). 2005. Partition Coefficients for Metals in Surface Water, Soil, and Waste. Washington, DC: Office of Research and Development. EPA/600/R-05/074. July.","PDF","Chemical","0063_PartCoeff_2005.pdf",0,1,0,0,0,1,1
64,"IRIS Supp. Doc (U.S. EPA, 2008d)","U.S. EPA","2008","U.S. EPA (Environmental Protection Agency). 2008d. Toxicological Review of 2,2’,4,4’,5,5’-Hexabromodiphenyl Ether (BDE-153). In Support of Summary Information on the Integrated Risk Information System (IRIS). U.S. Environmental Protection Agency, Washington, DC. June.","PDF","Chemical","0064_IRIS-suppl-BDE-153_2008.pdf",0,1,0,0,0,1,0
65,"RED (U.S. EPA, 2008f)","U.S. EPA","2008","U.S. EPA (Environmental Protection Agency). 2008f. Environmental Fate Science Chapter for the Triclosan Reregistration Eligibility Decision (RED) Document. Washington, DC: U.S. Environmental Protection Agency, Office of Prevention, Pesticides and Toxic Substances. February.","PDF","Chemical","0065_RED-triclosan_2008.pdf",0,1,0,0,0,1,1
66,"IRIS Supp. Doc (U.S. EPA, 2008e)","U.S. EPA","2008","U.S. EPA (Environmental Protection Agency). 2008e. Toxicological Review of Decabromodiphenyl Ether (BDE-209). In Support of Summary Information on the Integrated Risk Information System (IRIS). Washington, DC: U.S. Environmental Protection Agency. June.","PDF","Chemical","0066_IRIS-suppl-BDE209_2008.pdf",0,1,0,0,0,1,0
68,"USACE, 2005","USACE","2005","USACE (United States Army Corps of Engineers). 2005. Data Gap Analysis and Database Expansion of Parameters for Munitions Constituents. United States Army Corps of Engineers, Engineer Research and Development Center, Environmental Laboratory, ERDC/ELTR-05-16.","PDF","Chemical","0068_USACE_2005.pdf",0,1,0,0,0,1,0
69,"WATER9 (U.S. EPA, 2006)","U.S. EPA","2006","U.S. EPA (Environmental Protection Agency). 2006. WATER9, Version 3.0. https://www.epa.gov/chief/water9-version-30 ","Link (Software)","Chemical","0069_WATER9_2006.txt",0,1,0,0,0,1,1
71,"TNSSS (U.S. EPA, 2009b)","U.S. EPA","2009","U.S. EPA (Environmental Protection Agency). 2009b. Targeted National Sewage Sludge Survey Statistical Analysis Report. EPA/822/R-08/018. Office of Water, Office of Science and Technology, Washington, DC. Available at http://water.epa.gov/scitech/wastetech/biosolids/biosolids_index.cfm.","PDF","Concentration","0071_TNSSS-stat_report_2009.pdf",0,1,0,0,0,1,1
73,"3MRA v2, Ch 12","U.S. EPA","2003","U.S. EPA (Environmental Protection Agency). 2003. Multimedia, Multipathway, and Multireceptor Risk Assessment (3MRA) Modeling System: Volume II: Site-based, Regional, and National Data. Ch 12.0: Ecological Exposure Factors. SAB Review Draft. EPA530-D-03-001b. Office of Research and Development, Athens, GA, and Office of Solid Waste, Washington, DC. July.","PDF","Exposure","0073_3MRA-Ch12_2003.pdf",0,0,1,0,0,1,1
74,"NRWQC","U.S. EPA","2021","U.S. EPA (Environmental Protection Agency). 2021e. National Recommended Water Quality Criteria: Aquatic Life Crieria Table. Office of Science and Technology, Office of Water, Washington, DC. Available at: http://water.epa.gov/scitech/swguidance/standards/criteria/current/index.cfm. Accessed November 16, 2021.","Link (Database)","Tox-eco","0074_NRWQC_2021.txt",0,0,1,0,0,1,1
76,"Baguer et al., 2000","Baguer","2000","Baguer, A.J., J. Jensen, and P.H. Krogh. 2000. Effects of the antibiotics oxytetracycline and tylosin on soil fauna. Chemosphere 40(7):751-7","PDF","Tox-eco","0076_Baguer_2000.pdf",0,0,1,0,0,1,0
78,"ECOTOX (Bills et al., 1993)","Bills","1993","Bills, T.D., L.L. Marking, and G.E. Howe. 1993. Sensitivity of Juvenile Striped Bass to Chemicals Used in Aquaculture, Resource Publ. 192, Fish Wildlife Service, U.S.D.I., Washington, DC:11 p. (as cited by ECOTOX, U.S. EPA, 2012a)","Link (Database)","Tox-eco","0078_Bills-ECOTOX_1993.txt",0,0,1,0,0,1,0
79,"Boleas et al., 2005","Boleas","2005","Boleas, S., C. Alonso, J. Pro, C. Fernández, G. Carbonell, J.V. Tarazona. 2005. Toxicity of the antimicrobial oxytetracycline to soil organisms in a multi-species-soil system (MS.3) and influence of manure co-addition. J Hazard Mater 122(3):233-41.","PDF","Tox-eco","0079_Boleas_2005.pdf",0,0,1,0,0,1,0
81,"ECOTOX (Brain et al., 2004)","Brain","2004","Brain, R.A., D.J. Johnson, S.M. Richards, H. Sanderson, P.K. Sibley, and K.R. Solomon. 2004. Effects of 25 Pharmaceutical Compounds to Lemna gibba Using a Seven-Day Static-Renewal Test. Environ. Toxicol. Chem. 23(2): 371-382. (as cited by ECOTOX, U.S. EPA, 2012a)","Link (Database)","Tox-eco","0081_Brain-ECOTOX_2004.txt",0,0,1,0,0,1,0
82,"ECOTOX (Brun et al., 2006)","Brun","2006","Brun, G.L., M. Bernier, R. Losier, K. Doe, P. Jackman, and H.B. Lee. 2006. Pharmaceutically Active Compounds in Atlantic Canadian Sewage Treatment Plant Effluents and Receiving Waters, and Potential for Environmental Effects as Measured by Acute and Chronic Aquatic Toxicity. Environ. Toxicol. Chem. 25(8): 2163-2176. (as cited by ECOTOX, U.S. EPA, 2012a)","Link (Database)","Tox-eco","0082_Brun-ECOTOX_2006.txt",0,0,1,0,0,1,0
84,"CCME (CCME, 2012)","CCME","2012","CCME (Canadian Council of Ministers of the Environment). 2012. Canadian Environmental Quality Guidelines and Summary Table. Available at https://ccme.ca/en/summary-table ","PDF","Tox-eco","0084_CCME-soil.pdf",0,0,1,0,0,1,0
87,"U.S. DOE, 1998","U.S. DOE","1998","U.S. DOE (Department of Energy). 1998. Biota Sediment Accumulation Factors for Invertebrates: Review and Recommendations for the Oak Ridge Reservation. BJC/OR-112. Oak Ridge, TN.","PDF","Uptake","0087_USDOE_1998.pdf",0,0,1,0,0,1,1
91,"Effroymson et al., 1997b","Efroymson","1997","Efroymson, R.A., M.E. Will, G.W. Suter, II, and A.C. Wooten. 1997b. Toxicological Benchmarks for Screening Contaminants of Potential Concern for Effects on Terrestrial Plants: 1997 Revision. ES/ER/TM-85/R3. Prepared for Office of Environmental Management, U.S. Department of Energy. Prepared by Lockheed Martin Energy Systems, Oak Ridge, TN. November. Available at: http://rais.ornl.gov/documents/tm85r3.pdf","PDF","Tox-eco","0091_Efroymson-tm85r3_1997.pdf",0,0,1,0,0,1,0
92,"Effroymson et al., 1997a","Efroymson","1997","Efroymson, R.A., M.E. Will, and G.W. Suter, II. 1997a. Toxicological Benchmarks for Contaminants of Potential Concern for Effects on Soil and Litter Invertebrates and Heterotrophic Processes: 1997 Revision. ES/ER/TM-126/R2. Prepared for Office of Environmental Management, U.S. Department of Energy. Prepared by Lockheed Martin Energy Systems, Oak Ridge, TN. November. Available at: http://rais.ornl.gov/documents/tm126r21.pdf","PDF","Tox-eco","0092_Efroymson-tm126r21_1997.pdf",0,0,1,0,0,1,0
96,"ECOTOX (Flaherty & Dodson, 2005)","Flaherty","2005","Flaherty, C.M., and S.I. Dodson. 2005. Effects of Pharmaceuticals on Daphnia Survival, Growth, and Reproduction. Chemosphere 61(2): 200-207. (as cited by ECOTOX, U.S. EPA, 2012a)","Link (Database)","Tox-eco","0096_Flaherty-ECOTOX_2005.txt",0,0,1,0,0,1,0
97,"ECOTOX (Flippin et al., 2007)","Flippin","2007","Flippin, J.L., D. Huggett, and C.M. Foran. 2007. Changes in the Timing of Reproduction Following Chronic Exposure to Ibuprofen in Japanese Medaka, Oryzias latipes. Aquat. Toxicol. 81(1): 73-78. (as cited by ECOTOX, U.S. EPA, 2012a)","Link (Database)","Tox-eco","0097_Flippin-ECOTOX_2007.txt",0,0,1,0,0,1,0
101,"ECOTOX (Hughes, 1973)","Hughes","1973","Hughes, J.S. 1973. Acute Toxicity of Thirty Chemicals to Striped Bass (Morone saxatilis). Presented at the Western Association of State Game and Fish Commissioners, Salt Lake City, Utah, La. Dept. Wildlife Fisheries 318-343-2417:15 p. (as cited by ECOTOX, U.S. EPA, 2012a)","Link (Database)","Tox-eco","0101_Hughes-ECOTOX_1973.txt",0,0,1,0,0,1,0
103,"ECOTOX (Isidori et al., 2005)","Isidori","2005","Isidori, M., M. Lavorgna, A. Nardelli, L. Pascarella, and A. Parrella. 2005. Toxic and Genotoxic Evaluation of Six Antibiotics on Non-Target Organisms. Sci. Total Environ. 346(1-3): 87-98. (as cited by ECOTOX, U.S. EPA, 2012a)","Link (Database)","Tox-eco","0103_Isadori-ECOTOX_2005.txt",0,0,1,0,0,1,0
104,"ECOTOX (Jos et al., 2003)","Jos","2003","Jos, A., G. Repetto, J.C. Rios, M.J. Hazen, M.L. Molero, A. Del Peso, M. Salguero, P. Fernandez-Freire, J.M. Perez-Martin. 2003. Ecotoxicological Evaluation of Carbamazepine Using Six Different Model Systems with Eighteen Endpoints. Toxicol. In Vitro 17(5-6): 525-532. (as cited by ECOTOX, U.S. EPA, 2012a)","Link (Database)","Tox-eco","0104_Jos-ECOTOX_2003.txt",0,0,1,0,0,1,0
105,"ECOTOX (Kennedy, 1990)","Kennedy","1990","Kennedy, C.J. 1990. Toxicokinetic Studies of Chlorinated Phenols and Polycyclic Aromatic Hydrocarbons in Rainbow Trout (Oncorhynchus mykiss). Ph.D.Thesis, Simon Fraser Univ., Canada:188 p. (as cited by ECOTOX, U.S. EPA, 2012a)","Link (Database)","Tox-eco","0105_Kennedy-ECOTOX_1990.txt",0,0,1,0,0,1,0
106,"ECOTOX (Kim et al., 2007)","Kim","2007","Kim, Y., K. Choi, J. Jung, S. Park, P.G. Kim, and J. Park. 2007. Aquatic Toxicity of Acetaminophen, Carbamazepine, Cimetidine, Diltiazem and Six Major Sulfonamides, and Their Potential Ecological Risks in Korea. Environ. Int. 33(3): 370-375. (as cited by ECOTOX, U.S. EPA, 2012a)","Link (Database)","Tox-eco","0106_Kim-ECOTOX_2007.txt",0,0,1,0,0,1,0
107,"ECOTOX (Lebeuf et al., 2006)","Lebeuf","2006","Lebeuf, M., C.M. Couillard, B. Legare, and S. Trottier. 2006. Effects of DeBDE and PCB-126 on Hepatic Concentrations of PBDEs and Methoxy-PBDEs in Atlantic Tomcod. Environ. Sci. Technol. 40(10): 3211-3216. (as cited by ECOTOX, U.S. EPA, 2012a)","Link (Database)","Tox-eco","0107_LeBeuf-ECOTOX_2006.txt",0,0,1,0,0,1,0
108,"ECOTOX (Li et al., 1993)","Li","1993","Li, A., X. Zhu, and Q. Lu. 1993. Acute and Subacute Toxicity of Three Antimicrobial Drugs on Grass Carp (Ctenopharyngodon idellus). Trans.Res.Fish Dis./Yubingxue Yanjiu Wenji 1:12-19. (as cited by ECOTOX, U.S. EPA, 2012a)","Link (Database)","Tox-eco","0108_Li-ECOTOX_1993.txt",0,0,1,0,0,1,0
109,"ECOTOX (Lister et al., 2009)","Lister","2009","Lister, A., C. Regan, J. Van Zwol, and G. Van der Kraak. 2009. Inhibition of Egg Production in Zebrafish by Fluoxetine and Municipal Effluents: A Mechanistic Evaluation. Aquat. Toxicol. 95(4): 320-329. (as cited by ECOTOX, U.S. EPA, 2012a)","Link (Database)","Tox-eco","0109_Lister-ECOTOX_2009.txt",0,0,1,0,0,1,0
110,"ECOTOX (Lurling et al., 2006)","Lurling","2006","Lurling, M., E. Sargant, and I. Roessink. 2006. Life-History Consequences for Daphnia pulex Exposed to Pharmaceutical Carbamazepine. Environ. Toxicol. 21(2): 172-180. (as cited by ECOTOX, U.S. EPA, 2012a)","Link (Database)","Tox-eco","0110_Lurling-ECOTOX_2006.txt",0,0,1,0,0,1,0
114,"ECOTOX (Nishiuchi & Yoshida, 1975)","Nishiuchi","1975","Nishiuchi, Y., and K. Yoshida. 1975. Effects of Pesticides on Tadpoles. Part 3. Bull. Agric. Chem. Insp. Stn. (Tokyo) 14:66-68. (as cited by ECOTOX, U.S. EPA, 2012a)","Link (Database)","Tox-eco","0114_Nishiuchi-ECOTOX_1975.txt",0,0,1,0,0,1,0
117,"ECOTOX (Qin et al., 2010)","Qin","2010","Qin, X., X. Xia, Z. Yang, S. Yan, Y. Zhao, R. Wei, Y. Li, M. Tian, X. Zhao, Z. Qin, and X. Xu. 2010. Thyroid Disruption by Technical Decabromodiphenyl Ether (DE-83R) at Low Concentrations in Xenopus laevis. J. Environ. Sci. (China) 22(5): 744-751. (as cited by ECOTOX, U.S. EPA, 2012a)","Link (Database)","Tox-eco","0117_Qin-ECOTOX_2010.txt",0,0,1,0,0,1,0
118,"ECOTOX (Quinn et al., 2008)","Quinn","2008","Quinn, B., F. Gagne, and C. Blaise. 2008. An Investigation into the Acute and Chronic Toxicity of Eleven Pharmaceuticals (and Their Solvents) Found in Wastewater Effluent on the Cnidarian, Hydra attenuata. Sci. Total Environ. 389(2-3): 306-314. (as cited by ECOTOX, U.S. EPA, 2012a)","Link (Database)","Tox-eco","0118_Quinn-ECOTOX_2008.txt",0,0,1,0,0,1,0
119,"ECOTOX (Richards & Cole, 2006)","Richards","2006","Richards, S.M., and S.E. Cole. 2006. A Toxicity and Hazard Assessment of Fourteen Pharmaceuticals to Xenopus laevis Larvae. Ecotoxicology 15(8): 647-656. (as cited by ECOTOX, U.S. EPA, 2012a)","Link (Database)","Tox-eco","0119_Richards-ECOTOX_2006.txt",0,0,1,0,0,1,0
122,"Sample et al., 1996","Sample","1996","Sample, B.E., D.M. Opresko, and G.W. Suter, II. 1996. Toxicological Benchmarks for Wildlife: 1996 Revision. ES/ER/TM-86/R3. Prepared for U.S. Department of Energy, Office of Environmental Management. Prepared by Risk Assessment Program, Health Sciences Research Division, Oak Ridge, TN. June. Available at: http://rais.ornl.gov/documents/tm86r3.pdf","PDF","Tox-eco","0122_Sample_1996.pdf",0,1,1,0,0,1,1
123,"Sample et al., 1998a","Sample","1998","Sample, B.E., J.J. Beauchamp, R.A. Efroymson, G.W. Suter, II, and T.L. Ashwood. 1998a. Development and Validation of Bioaccumulation Models for Earthworms. ES/ER/TM-220. Oak Ridge National Laboratory, Oak Ridge, TN.","PDF","Uptake","0123_Sample-earthworm_1998.pdf",0,0,1,0,0,1,1
124,"Sample et al., 1998b","Sample","1998","Sample, B.E., J.J. Beauchamp, R.A. Efroymson, and G.W. Suter, II. 1998b. Development and Validation of Bioaccumulation Models for Small Mammals. ES/ER/TM-219. Oak Ridge National Laboratory, Oak Ridge, TN.","PDF","Uptake","0124_Sample-smMamm_1998.pdf",0,0,1,0,0,1,1
125,"ECOTOX (Seo et al., 1993)","Seo","1993","Seo, M.L., A. Yamatodani, A. Mizutani, and S. Kiyono. 1993. Short-Term, Preweaning Treatment with Tetracycline Affects Physical Development and Behavior in Rats. Neurotoxicology (Little Rock) 14(1): 65-75. (as cited by ECOTOX, U.S. EPA, 2012a)","Link (Database)","Tox-eco","0125_Seo-ECOTOX_1993.txt",0,1,1,0,0,1,0
131,"ECOTOX (Walsh et al., 1987)","Walsh","1987","Walsh, G.E., M.J. Yoder, L.L. McLaughlin, and E.M. Lores. 1987. Responses of Marine Unicellular Algae to Brominated Organic Compounds in Six Growth Media. Ecotoxicol. Environ. Saf. 14:215-222. (as cited by ECOTOX, U.S. EPA, 2012a)","Link (Database)","Tox-eco","0131_Walsh-ECOTOX_1987.txt",0,0,1,0,0,1,0
132,"ECOTOX (Wollenberger et al., 2000)","Wollenberger","2000","Wollenberger, L., B. Halling-Sorensen, and K.O. Kusk. 2000. Acute and Chronic Toxicity of Veterinary Antibiotics to Daphnia magna. Chemosphere 40(7): 723-730. (as cited by ECOTOX, U.S. EPA, 2012a)","Link (Database)","Tox-eco","0132_Wollenberger-ECOTOX_2000.txt",0,0,1,0,0,1,0
134,"ECOTOX (Yuangklang et al., 2005)","Yuangklang","2005","Yuangklang, C., T. Wensing, L. Van den Broek, S. Jittakhot, and A.C. Beynen. 2005. Effect of Oxytetracycline Supplementation on Nutrient Digestibility in Veal Calves. Anim. Feed Sci. Technol. 118(1-2): 161-166. (as cited by ECOTOX, U.S. EPA, 2012a)","Link (Database)","Tox-eco","0134_Yuangklang-ECOTOX_2005.txt",0,1,1,0,0,1,0
135,"ECOTOX (Zurita et al., 2007)","Zurita","2007","Zurita, J.L., G. Repetto, A. Jos, M. Salguero, M. Lopez-Artiguez, and A.M. Camean. 2007. Toxicological Effects of the Lipid Regulator Gemfibrozil in Four Aquatic Systems. Aquat. Toxicol. 81(1): 106-115. (as cited by ECOTOX, U.S. EPA, 2012a)","Link (Database)","Tox-eco","0135_Zurita-ECOTOX_2007.txt",0,0,1,0,0,1,0
136,"Wildlife EFH (U.S. EPA, 1993)","U.S. EPA","1993","U.S. EPA (Environmental Protection Agency). 1993. Wildlife Exposure Factors Handbook. Volumes I and II. EPA/600/R-93/187. Office of Health and Environmental Assessment and Office of Research and Development, Washington, DC. December.","PDF","Exposure","0136v1_WEFHV1_1993.PDF
0136v2_WEFHV2_1993.PDF",0,0,1,0,0,1,0
137,"Sample et al., 1997","Sample","1997","Sample, B.E., M.S. Aplin, R.A. Efroymson, G.W. Suter, II, and C.J.E. Welsh. 1997. Methods and Tools for Estimation of the Exposure of Terrestrial Wildlife to Contaminants. ORNL/TM-13391. Prepared for U.S. Department of Energy, Office of Environmental Policy and Assistance. Prepared by Oak Ridge National Laboratory, Oak Ridge, TN. October.","PDF","Exposure","0137_Sample_1997.pdf",0,0,1,0,0,1,0
138,"Schaefer & Sargent, 1990","Schaefer","1990","Schaefer, J., and M. Sargent. 1990. The Florida Black Bear: A Threatened Species. SS-WIS-25. Prepared by University of Florida Cooperative Extension Service, Gainesville, FL. December. ","PDF","Tox-eco","0138_Schaefer_1990.pdf",0,0,1,0,0,1,0
139,"Smith, 1991","Smith","1991","Smith, W.P. 1991. Odocoileus virginianus. Mammalian Species 388:1–13.","PDF","Tox-eco","0139_Smith_1991.pdf",0,0,1,0,0,1,0
140,"EFH:2011 (U.S. EPA, 2011)","U.S. EPA","2011","U.S. EPA (Environmental Protection Agency). 2011. Exposure Factors Handbook: 2011 Edition. EPA/600/R-090/052F. National Center for Environmental Assessment, Office of Research and Development, Washington, DC. September. Available at http://www.epa.gov/ncea/efh/pdfs/efh-complete.pdf. ","PDF","Exposure","0140_EFH_2011.pdf",1,0,0,1,0,1,1
141,"CSEFH (U.S. EPA, 2008a)","U.S. EPA","2008","U.S. EPA (Environmental Protection Agency). 2008a. Child-Specific Exposure Factors Handbook. EPA-600/R-06-096F. National Center for Environmental Assessment, Cincinnati, OH. September. Available at http://cfpub.epa.gov/ncea/cfm/recordisplay.cfm?deid=199243.","PDF","Exposure","0141_CSEFH_2008.PDF",0,0,0,1,0,1,1
142,"Policy","EPA Policy ","NA","EPA Policy (no reference)","No Ref","NA","NA",1,0,0,1,0,0,0
143,"Default","Default ","NA","Default (no reference)","No Ref","NA","NA",1,1,1,0,1,0,0
144,"Assumption","Assumption ","NA","Assumption (no reference)","No Ref","NA","NA",1,0,0,0,1,0,0
145,"Calculated","Calculated","NA","Calculated from other variables (no reference)","No Ref","NA","NA",1,1,0,0,1,0,0
146,"System","System variable ","NA","System variable (no reference)","No Ref","NA","NA",1,1,0,0,1,0,0
147,"AP-42 (U.S. EPA, 1995)","U.S. EPA","1995","U.S. EPA (Environmental Protection Agency). 1995. Compilation of Air Pollutant Emission Factors. Volume I: Stationary Point and Area Sources, Fifth Edition. Office of Air Quality Planning and Standards, Research Triangle Park, NC. January.","Link (Document)","General & fate","0147_AP-42_1995.txt",0,0,0,0,1,1,1
148,"Biosolids 2003 (U.S. EPA 2003)","U.S. EPA","2003","U.S. EPA (Environmental Protection Agency). 2003. Technical Background Document for the Sewage Sludge Exposure and Hazard Screening Assessment. U.S. EPA, Office of Water, Washington, DC. EPA-822-B-03-001. December 19.","PDF","General & fate","0148_SS-TBD_2003.pdf",0,0,0,0,1,1,1
149,"Carsel & Parrish, 1988","Carsel","1988","Carsel, R.F., and R.S. Parrish. 1988. Developing joint probability distributions of soil water retention characteristics. Water Resources Research. 24(5):755-769. May.","Journal",,,0,0,0,0,1,1,1
150,"Carsel et al., 1988","Carsel","1988","Carsel, R.F., R.S. Parrish, R.L. Jones, J.L. Hansen, and R.L. Lamb. 1988. Characterizing the uncertainty of pesticide leaching in agricultural soils. Journal of Contaminant Hydrology 2:111–124.","Journal",,,0,0,0,0,1,1,1
151,"Chapra, 1996","Chapra","1996","Chapra, S.C. 1996. Surface Water-Quality Modeling: Preliminary Edition. New York: McGraw Hill, Inc.","Book","General & fate","NA",0,0,0,0,1,1,1
152,"Clapp & Hornberger, 1978","Clapp","1978","Clapp, R.B., and G.M. Hornberger. 1978. Empirical equations for some soil hydraulic properties. Water Resources Research. 14:601-604.","Journal",,,0,0,0,0,1,1,1
153,"CWP, 1998","CWP","1998","CWP (Center for Watershed Protection, Inc). 1998. Rapid Watershed Planning Handbook. Center for Watershed Protection, Inc. Ellicott City, MD.","Book","General & fate","NA",0,0,0,0,1,1,1
154,"Dunne & Leopold, 1978","Dunne","1978","Dunne, T., and L.B. Leopold. 1978. Water in Environmental Planning. New York: W.H. Freeman and Company.","Book","General & fate","NA",0,0,0,0,1,1,1
156,"Gunn et al. (2004)","Gunn","2004","Gunn, A.P, R.E. Dewhurst, A. Giorgetti, N.L. Gillott, S.J.W. Wishart, and S. Pedley. 2004. Use of Sewage Sludge Products in Construction. London: CIRIA.","Book","General & fate","NA",0,0,0,0,1,1,1
158,"MPE/IEM (U.S. EPA, 1998)","U.S. EPA","1998","U.S. EPA (Environmental Protection Agency). 1998. Methodology for Assessing Health Risks Associated with Multiple Pathways of Exposure to Combustor Emissions. EPA 600/R-98/137.","PDF","General & fate","0158_MPE_1998.PDF",1,0,0,0,1,1,1
160,"SAMSON (U.S. DOC & DOE, 1993)","U.S. DOC","1993","U.S. DOC (Department of Commerce) and U.S. DOE (Department of Energy) National Renewable Energy Laboratory. 1993. Solar and Meteorological Surface Observation Network (SAMSON), 1961–1990. Version 1.0. National Climatic Data Center, Asheville, NC.","Link (Database, paid)","General & fate","0160_SAMSON_1993.txt",0,0,0,0,1,1,1
161,"Schroeder, 1977","Schroeder","1977","Schroeder, E.D. 1977. Water and wastewater treatment. McGraw-Hill Series in Water Resources and Environmental Engineering. Chow, V.T., Eliassen, R., and Linsley, R.K. (editors) New York, NY: McGraw-Hill, Inc. 156pp.","Book","General & fate","NA",0,0,0,0,1,1,1
162,"Seaber et al., 1987","Seaber","1987","Seaber, P.R., F.P. Kapinos, and G.L. Knapp. 1987. Hydrologic Unit Maps. Washington, DC: U.S. Government Printing Office. U.S. Geological Survey Water-Supply Paper 2294:1-13, 1987. 16pp.","PDF","General & fate","0162_Seaber_1987.pdf",0,0,0,0,1,1,1
163,"STATSGO (USDA, 1994)","USDA","1994","USDA (U.S. Department of Agriculture). 1994. State Soil Geographic (STATSGO) Data Base. Data use information. Miscellaneous Publication Number 1492. Natural Resources Conservation Service, Fort Worth, TX. December.","Link (Database)","General & fate","0163_STATSGO_1994.txt",0,0,0,0,1,1,1
164,"TSDF Fugit. Air (U.S. EPA, 1989b)","U.S. EPA","1989","U.S. EPA (Environmental Protection Agency). 1989b. Hazardous Waste TSDF- Fugitive Particulate Matter Air Emissions Guidance Document.","PDF","General & fate","0164_TSDF-FugAir_1989.pdf",0,0,0,0,1,1,1
165,"RAGS Pt A (U.S. EPA, 1989a)","U.S. EPA","1989","U.S. EPA (Environmental Protection Agency). 1989a. Risk Assessment Guidance for Superfund. Volume I: Human Health Evaluation Manual (Part A) (Interim Final). EPA/540/1-89/002. Prepared by U.S. EPA, Office of Emergency and Remedial Response, Washington, DC.",,,,1,0,0,0,0,0,0
166,"Wischmeier & Smith, 1978","Wischmeier","1978","Wischmeier, W.H., and D.D. Smith. 1978. Predicting Rainfall Erosion Losses: A Guide to Conservation Planning. USDA Agricultural Handbook No. 537. Washington, DC. Department of Agriculture. 62pp.","PDF","General & fate","0166_Wischmeier_1978.pdf",0,0,0,0,1,1,1
168,"Wanielista & Yousef, 1993","Wanielista","1993","Wanielista, M.P., and Y.A. Yousef. 1993. Stormwater Management. New York, NY. John Wiley & Sons, Inc.","Book","General & fate","NA",0,0,0,0,1,1,1
169,"Water Enc. (van der Leeden et al., 1990)","van der Leeden","1990","van der Leeden, F., F.L. Troise, and D.K. Todd. 1990. The Water Encyclopedia. Chelsea, Michigan. Lewis Publishers.","Book","General & fate","NA",0,0,0,0,1,1,1
171,"EFH (U.S. EPA, 1997a)","U.S. EPA","1997","U.S. EPA (Environmental Protection Agency). 1997a. Exposure Factors Handbook, Volume I, General Factors. EPA/600/P-95/002Fa. Volume II, Food Ingestion Factors. EPA/600/P-95/002Fa. Volume III, Activity Factors. EPA/600/P-95/002Fa. U.S. EPA, Office of Research and Development, Washington, DC.",,,,1,0,0,0,0,0,0
172,"McKone, 1987","McKone","1987","McKone, T.E. 1987. Human exposure to volatile organic compounds in household tap water: the indoor inhalation pathway. Environmental Science and Technology 21:1194–1201.",,,,1,0,0,0,0,0,0
173,"Little, 1992","Little","1992","Little, J.C. 1992. Applying the two resistance theory to contaminant volatilization in showers. Environmental Science and Technology 26(7):1341–1349.",,,,1,0,0,0,0,0,0
176,"O'Connor et al., 2001","O’Connor","2001","O’Connor, G.A., R.B. Brobst, R.L. Chaney, et al. 2001. A Modified Risk Assessment to Establish Molybdenum Standards for Land Application of Biosolids. J Environ Quality 30 (5):1490-1507.","PDF","Chemical","0176_oConnor_2001.pdf",0,1,0,0,0,1,1
180,"Wellborn et al., 1984","Wellborn","1984","Wellborn, T.L. Jr., A.J. Herring, and R. Callahan. 1984. Farm Pond Management. Mississippi State
University Extension Service, Mississippi Department of Wildlife Conservation, and Soil
Conservation Service. Web site: http://www.wildlifemanagement.info/
publications/fish_ponds_13.htm.",,,,1,0,0,0,0,0,0
181,"DiToro et al., 1981","DiToro","1981","DiToro, D.M., D.J. O’Connor, R.V. Thomann, and J.P. St. John. 1981. Analysis of Fate of Chemicals in
Receiving Waters–Phase I. Chemical Manufacturers Association, Washington, DC. Prepared by
HydroQual, Inc., Mahwah, NJ.",,,,1,0,0,0,0,0,0
182,"ATSDR","ATSDR","2017","ATSDR (Agency for Toxic Substances and Disease Registry). 2017 (July). Toxicological Profile for Nitrate and Nitrite.  Chapter 4: Chemical and Physical Information. Atlanta, GA.","PDF","Chemical","0182_ATSDR-ToxPro-Nitrite_2017.pdf",0,1,0,0,0,1,0
184,"3MRA v2, Ch 10","U.S. EPA","2003","U.S. EPA (Environmental Protection Agency). 2003. Multimedia, Multipathway, and Multireceptor Risk Assessment (3MRA) Modeling System: Volume II: Site-based, Regional, and National Data. Ch 10.0: Farm Food Chain and Terrestrial Food Web Data. SAB Review Draft. EPA530-D-03-001b. Office of Research and Development, Athens, GA, and Office of Solid Waste, Washington, DC. July.","PDF","Uptake","0184_3MRA-Ch10_2003.pdf",0,0,1,0,0,1,0
190,"User supplied","User supplied","NA","User supplied value; see User Comments for reference or justification.","No Ref","NA","NA",0,0,1,0,0,0,0
196,"No Data","No Data","NA","No date available; set to zero","No Ref","NA","NA",0,1,1,0,0,0,0
197,"Not applicable","Not applicable","NA","Not applicable to this chemical; set to zero","No Ref","NA","NA",0,1,0,0,1,0,0
202,"PFOA HESD","U.S. EPA","2016","U.S. EPA (Environmental Protection Agency). 2016. Health Effects Support Document for Perfluorooctanoic Acid (PFOA). EPA 822-R-16-003. Office of Water: Washington DC.","PDF","Tox-human","0202_HESD-PFOA_2016.pdf",0,1,0,0,0,1,1
203,"PFOS HESD","U.S. EPA","2016","U.S. EPA (Environmental Protection Agency). 2016. Health Effects Support Document for Perfluorooctane Sulfonate (PFOS).  EPA 822-R-16-002. Office of Water: Washington DC.","PDF","Tox-human","0203_HESD-PFOS_2016.pdf",0,1,0,0,0,1,1
205,"OECD, 2002","OECD","2002","OECD (Organization for Economic Cooperation and Development). 2002. Hazard Assessment of Perfluorooctane Sulfonate (PFOS) and its Salts. ENV/JM/RD(2002)17/FINAL. Environment Directorate. Available at http://www.oecd.org/env/ehs/risk-assessment/2382880.pdf","PDF","Chemical","0205_OECD_2002.pdf",0,1,0,0,0,1,1
207,"Hirsch, 1998","Hirsch","1998","Hirsch, M.P. 1998. Availability of sludge-borne silver to agricultural crops. Environmental Toxicology and Chemistry 17(4):610-616.","PDF","Uptake","0207_Hirsch_1998.pdf",0,1,0,0,0,1,1
208,"ECOTOX (Bell et al., 1980)","Bell","1980","Bell, M.V., K.F. Kelly, and J.R. Sargent. 1980. The uptake of orthovanadate into various organs of the common eel, Anguilla anguilla, maintained in fresh water. Sci. Total Environ. 16(2):99–108.","Link (Database)","Uptake","0208_Bell-ECOTOX_1980.txt",0,1,0,0,0,1,0
210,"ECOTOX (Du Preez et al., 1993)","Du Preez","1993","Du Preez, H.H., E. Van Rensburg, and J.H.J. Van Vuren. 1993. Preliminary laboratory investigation of the bioconcentration of zinc and iron in selected tissues of the banded tilapia, Tilapia sparrmanii (Cichlidae). Bull. Environ. Contam. Toxicol. 50(5):674–681.","Link (Database)","Uptake","0210_duPreez-ECOTOX_1993.txt",0,1,0,0,0,1,0
212,"ATSDR (Hope et al., 1996)","Hope","1996","Hope, B., C. Loy, and P. Miller. 1996. Uptake and trophic transfer of barium in a terrestrial ecosystem. Bull. Environ. Contam. Toxicol. 56:683–689. Cited in ATSDR (Agency for Toxic Substances and Disease Registry). 2007. Toxicological Profile for Barium. Atlanta, GA: U.S. Department of Health and Human Services, Public Health Service. p. 117. ","PDF","Uptake","0212_Hope-ATSDR_1996.pdf",0,1,0,0,0,1,1
213,"ECOTOX (Litzke and Hubel, 1993)","Litzke","1993","Litzke, J., and K. Hubel. 1993. Aquarium experiments with rainbow trout (Oncorhynchus mykiss Walbaum) and carp (Cyprinus carpio L.) to examine the accumulation of radionuclides. Arch. Hydrobiol. 129(1):109–119.","Link (Database)","Uptake","0213_Litzke-ECOTOX_1993.txt",0,1,0,0,0,1,1
214,"ECOTOX (Wright, 1977)","Wright","1977","Wright, D.A. 1977. Toxicity of fluoride to brown trout fry (Salmo trutta). Environ. Pollut. 12(1):57–62. (as cited by ECOTOX, U.S. EPA, 2012a)","Link (Database)","Tox-eco","0214_Wright-ECOTOX_1977.txt",0,1,0,0,0,1,0
215,"Blaine et al. (2013)","Blaine","2013","Blaine, A.C., C.D. Rich, L.S. Hundal, C. Lau, M.A. Mills, K.M. Harris, and C.P. Higgins. 2013. Uptake of perfluoroalkyl acids into edible crops via land applied biosolids: field and greenhouse studies. Environ. Sci. Technol. 47:14062–69. ","PDF","Uptake","0215_Blaine_2013.pdf",0,1,0,0,0,1,1
216,"Blaine et al. (2014)","Blaine","2014","Blaine, A.C., C.D. Rich, E.M. Sedlacko, L.S. Hundal, K. Kumar, C. Lau, M.A. Mills, K.M. Harris, and C.P. Higgins. 2014. Perfluoroalkyl acid distribution in various plant compartments of edible crops grown in biosolids-amended soils. Environ. Sci. Technol. 48:7858–65.","PDF","Uptake","0216_Blaine_2014.pdf
0216S_Blaine-Suppl_2014.pdf",0,1,0,0,0,1,1
217,"Lechner and Knapp (2011)","Lechner","2011","Lechner, M. and H. Knapp. 2011. Carryover of perfluorooctanoic acid (PFOA) and perfluorooctane sulfonate (PFOS) from soil to plant and distribution to the different plant compartments studied in cultures of carrots (Daucus carota ssp. Sativus), potatoes (Solanum tuberosum), and cucumbers Cucumis Sativus). Journal of Agricultural and Food Chemistry 59:11011–18.","PDF","Uptake","0217_Lechner_2011.pdf",0,1,0,0,0,1,1
218,"Vestergren et al. (2013)","Vestergren","2013","Vestergren R., F. Orata, U. Berger, I.T. Cousins. 2013. Bioaccumulation of perfluoroalkyl acids in dairy cows in a naturally contaminated environment. Environmental Science and Pollution Research 20:7959–69.","PDF","Uptake","0218_Vestergren_2013.pdf",0,1,0,0,0,1,1
219,"USDA, 2014","USDA","2014","USDA (U.S. Department of Agriculture). 2014. 2012 Census of Agriculture. United States Summary and State Data. Volume 1-Geographic Area Series-Part 51. May.","PDF","General & fate","0219_2012CensusAg_2014.pdf",0,0,0,0,1,1,1
220,"RED (U.S. EPA, 2008f)","U.S. EPA","2008","U.S. EPA (Environmental Protection Agency). 2008f. Environmental Fate Science Chapter for the Triclosan Reregistration Eligibility Decision (RED) Document. Washington, DC: U.S. Environmental Protection Agency, Office of Prevention, Pesticides and Toxic Substances. February.","PDF","Chemical","0220_RED-EnvFateCh-Triclosan_2008.pdf",0,1,0,0,0,1,1
221,"EFH:2017-soil","U.S. EPA","2017","U.S. EPA (Environmental Protection Agency). 2017. Update for Chapter 5 of the Exposure Factors Handbook: Soil and Dust Ingestion. EPA/600/R-17/384F. National Center for Environmental Assessment, Office of Research and Development, Washington, DC. September. Available at https://www.epa.gov/expobox/exposure-factors-handbook-chapter-5.","PDF","Exposure","0221_EFH-Ch5-update_2017.PDF",0,0,0,1,0,1,1
222,"EPACMTP Param Guid., 2003","U.S. EPA","2003","U.S. EPA (Environmental Protection Agency). 2003. EPA’s Composite Model for Leachate Migration with Transformation Products (EPACMTP): Parameters/Data Background Document. Office of Solid Waste, Washington, DC. April. ","PDF","General & fate","0222_EPACMTP-Params_2003.pdf",0,0,0,0,1,1,1
223,"EPA Estimation Tool","U.S. EPA","2016","U.S. EPA (Environmental Protection Agency). 2016. EPA On-line Tools for Site Assessment Calculation: Estimated Diffusion Coefficients. Ecosystems Research, Athens, GA.  https://www3.epa.gov/ceampubl/learn2model/part-two/onsite/estdiffusion-ext.html","Link (web-based tool)","Chemical","0223_EDCTool_2016.txt",0,1,0,0,0,1,1
244,"TNSSS Additional Analytes","U.S. EPA","2021","U.S. EPA (Environmental Protection Agency). 2021. Targeted National Sewage Sludge Survey: Summary Statistics and Estimates of 95th Percentiles for 84 Additional Analytes. EPA 822-R-21-003. EPA Office of Water, Washington, DC. April. ","PDF","Concentration","0244_TNSSS-addl-stat_2021.pdf",0,1,0,0,0,1,1
245,"TNSSS Summary","U.S. EPA","2009","U.S. EPA (Environmental Protection Agency). 2009. Targeted National Sewage Sludge Survey Sampling and Analysis Technical Report. EPA-822-R-08-016. Office of Water, Office of Science and Technology, Washington, DC. Available at http://water.epa.gov/?scitech/?wastetech/?biosolids/?biosolids_index.cfm.","PDF","Concentration","0245_TNSSS-summary2009.pdf",0,1,0,0,0,1,0
247,"21CFR556","U.S. FDA","2021","U.S. FDA (Food and Drug Administration). 2021 (November). Tolerances for Residues of Drugs in Food. 21 CFR 556. Available at https://www.ecfr.gov/current/title-21/chapter-I/subchapter-E/part-556/subpart-B. Accessed November 16,  2021.","PDF","Tox-human","0247_21CFR556.750-Vmycin_2021.pdf",0,1,0,0,0,1,0
248,"CalEPA PHG","CalEPA","2021","CalEPA (California Environmental Protection Agency). 2021. Drinking Water Public Health Goals. Berkeley, CA: Office of Environmental Health Hazard Assessment. Available at https://oehha.ca.gov/water/public-health-goals-phgs. Accessed November 17, 2021.","PDF","Tox-human","0248_CalEPA-PHG_2021.pdf",0,1,0,0,0,1,0
249,"MI EGLE","MI EGLE","2021","MI EGLE (Michigan Dept of Environment, Great Lakes, and Energy). 2021. Evaluation of PFAS in Influent, Effluent, and Residuals of Wastewater Treatment Plants (WWTPs) in Michigan. Prepared by AECOM. April. Available at https://www.michigan.gov/documents/egle/wrd-pfas-initiatives-statewide-full-report_722902_7.pdf","PDF","Concentration","0249_MI-EGLE-PFAS_2021.pdf",0,1,0,0,0,1,1
250,"VT DEC","VT DEC","2020","VT DEC (Vermont Department of Environmental Conservation). 2020. Poly- and Perfluoroalkyl Substances at Wastewater Treatment Facilities and Landfill Leachate: 2019 Summary Report. Prepared by Weston&Sampson. January 30. Available at https://dec.vermont.gov/press-release/department-environmental-conservation-releases-reports-pfas-chemicals","PDF","Concentration","0250_VTDEC-PFAS_2020.pdf",0,1,0,0,0,1,1
251,"Burkhard 2021","Burkhard","2021","Burkhard, L.P. 2021. Evaluation of published bioconcentration factor (BCF) and bioaccumulation factor (BAF) data for per- and polyfluoroalkyl substances across aquatic species. Env. Tox. & Chem. 40(6):1530-1543.","PDF","Uptake","0251_Burkhard_2021.pdf",0,1,0,0,0,1,1
252,"EcoSSL (As)","U.S. EPA","2005","U.S. EPA. 2005a. Ecological Soil Screening Levels for Arsenic. Interim Final. OSWER Directive 9285.7-62. Office of Solid Waste and Emergency Response, Washington, DC. Available online at https://www.epa.gov/chemical-research/interim-ecological-soil-screening-level-documents. Accessed November 16, 2021.","PDF","Tox-eco","0252_EcoSSL-As_2005.pdf",0,1,1,0,0,1,1
253,"EcoSSL (Ba)","U.S. EPA","2005","U.S. EPA. 2005b. Ecological Soil Screening Levels for Barium. Interim Final. OSWER Directive 9285.7-63. Office of Solid Waste and Emergency Response, Washington, DC. Available online at https://www.epa.gov/chemical-research/interim-ecological-soil-screening-level-documents","PDF","Tox-eco","0253_EcoSSL-Ba_2005.pdf",0,1,1,0,0,1,1
254,"EcoSSL (Be)","U.S. EPA","2005","U.S. EPA. 2005c. Ecological Soil Screening Levels for Beryllium. Interim Final. OSWER Directive 9285.7-64. Office of Solid Waste and Emergency Response, Washington, DC. Available online at https://www.epa.gov/chemical-research/interim-ecological-soil-screening-level-documents. Accessed November 16, 2021.","PDF","Tox-eco","0254_EcoSSL-Be_2005.pdf",0,1,1,0,0,1,1
255,"EcoSSL (Ag)","U.S. EPA","2006","U.S. EPA. 2006a. Ecological Soil Screening Levels for Silver. Interim Final. OSWER Directive 9285.7-77. Office of Solid Waste and Emergency Response, Washington, DC. Available online at https://www.epa.gov/chemical-research/interim-ecological-soil-screening-level-documents. Accessed November 16, 2021.","PDF","Tox-eco","0255_EcoSSL-Ag_2006.pdf",0,1,1,0,0,1,1
256,"EcoSSL (Mn)","U.S. EPA","2007","U.S. EPA. 2007a. Ecological Soil Screening Levels for Manganese. Interim Final. OSWER Directive 9285.7-71. Office of Solid Waste and Emergency Response, Washington, DC. Available online at https://www.epa.gov/chemical-research/interim-ecological-soil-screening-level-documents. Accessed November 16, 2021.","PDF","Tox-eco","0256_EcoSSL-Mn_2007.pdf",0,1,1,0,0,1,1
257,"EcoSSL (Zn)","U.S. EPA","2007","U.S. EPA . 2007b. Ecological Soil Screening Levels for Zinc. Interim Final. OSWER Directive 9285.7-73. Office of Solid Waste and Emergency Response, Washington, DC. Available online at https://www.epa.gov/chemical-research/interim-ecological-soil-screening-level-documents. Accessed November 16, 2021.","PDF","Tox-eco","0257_EcoSSL-Zn_2007.pdf",0,1,1,0,0,1,1
258,"OPP Pest Ecotox DB","U.S. EPA","2017","U.S. EPA (Environmental Protection Agency). 2017. Pesticide Ecotoxicity Database. Version updated 03/16/2017. Office of Pesticide Programs, Ecological Fate and Effects Division. Available at https://ecotox.ipmcenters.org/index.cfm. Accessed November 16, 2021.","Link (Database)","Tox-eco","0258_PED_2017.txt",0,1,1,0,0,1,1
259,"NRWQC (Al)","U.S. EPA","2018","U.S. EPA (Environmental Protection Agency). 2018. Final  Aquatic Life Ambient Water Quality Criteria for Aluminum 2018. EPA-822-R-18-001. Office of Water. December. Available at https://www.epa.gov/wqc/2018-final-aquatic-life-criteria-aluminum-freshwater","PDF","Tox-eco","0259_NRWQC-Al_2018.pdf",0,0,1,0,0,1,1
260,"EcoSSL (Sb)","U.S. EPA","2005","U.S. EPA . 2005d. Ecological Soil Screening Levels for Antimony. Interim Final. OSWER Directive 9285.7-61. Office of Solid Waste and Emergency Response, Washington, DC. Available online at https://www.epa.gov/chemical-research/interim-ecological-soil-screening-level-documents. Accessed November 16, 2021.","PDF","Tox-eco","0260_EcoSSL-Sb_2005.pdf",0,1,1,0,0,1,0
261,"EcoSSL (Cd)","U.S. EPA","2005","U.S. EPA . 2005e. Ecological Soil Screening Levels for Cadmium. Interim Final. OSWER Directive 9285.7-65. Office of Solid Waste and Emergency Response, Washington, DC. Available online at https://www.epa.gov/chemical-research/interim-ecological-soil-screening-level-documents. Accessed November 16, 2021.","PDF","Tox-eco","0261_EcoSSL-Cd_2005.pdf",0,1,1,0,0,1,0
262,"EcoSSL (Cr)","U.S. EPA","2008","U.S. EPA . 2008. Ecological Soil Screening Levels for Chromium. Interim Final, Revised. OSWER Directive 9285.7-66. Office of Solid Waste and Emergency Response, Washington, DC. Available online at https://www.epa.gov/chemical-research/interim-ecological-soil-screening-level-documents. Accessed November 16, 2021.","PDF","Tox-eco","0262_EcoSSL-Cr_2008.pdf",0,1,1,0,0,1,0
263,"EcoSSL (Co)","U.S. EPA","2005","U.S. EPA . 2005f. Ecological Soil Screening Levels for Cobalt. Interim Final. OSWER Directive 9285.7-67. Office of Solid Waste and Emergency Response, Washington, DC. Available online at https://www.epa.gov/chemical-research/interim-ecological-soil-screening-level-documents. Accessed November 16, 2021.","PDF","Tox-eco","0263_EcoSSL-Co_2005.pdf",0,1,1,0,0,1,0
264,"EcoSSL (Cu)","U.S. EPA","2007","U.S. EPA. 2007c. Ecological Soil Screening Levels for Copper. Interim Final, Revised. OSWER Directive 9285.7-68. Office of Solid Waste and Emergency Response, Washington, DC. Available online at https://www.epa.gov/chemical-research/interim-ecological-soil-screening-level-documents. Accessed November 16, 2021.","PDF","Tox-eco","0264_EcoSSL-Cu_2007.pdf",0,1,1,0,0,1,0
265,"EcoSSL (Pb)","U.S. EPA","2005","U.S. EPA . 2005f. Ecological Soil Screening Levels for Lead. Interim Final. OSWER Directive 9285.7-70. Office of Solid Waste and Emergency Response, Washington, DC. Available online at https://www.epa.gov/chemical-research/interim-ecological-soil-screening-level-documents. Accessed November 16, 2021.","PDF","Tox-eco","0265_EcoSSL-Pb_2005.pdf",0,1,1,0,0,1,0
266,"EcoSSL (Ni)","U.S. EPA","2007","U.S. EPA. 2007d. Ecological Soil Screening Levels for Nickel. Interim Final. OSWER Directive 9285.7-76. Office of Solid Waste and Emergency Response, Washington, DC. Available online at https://www.epa.gov/chemical-research/interim-ecological-soil-screening-level-documents. Accessed November 16, 2021.","PDF","Tox-eco","0266_EcoSSL-Ni_2007.pdf",0,1,1,0,0,1,0
267,"EcoSSL (Se)","U.S. EPA","2007","U.S. EPA. 2007e. Ecological Soil Screening Levels for Selenium. Interim Final. OSWER Directive 9285.7-72. Office of Solid Waste and Emergency Response, Washington, DC. Available online at https://www.epa.gov/chemical-research/interim-ecological-soil-screening-level-documents. Accessed November 16, 2021.","PDF","Tox-eco","0267_EcoSSL-Se_2007.pdf",0,1,1,0,0,1,0
268,"EcoSSL (V)","U.S. EPA","2005","U.S. EPA . 2005g. Ecological Soil Screening Levels for Vanadium. Interim Final. OSWER Directive 9285.7-75. Office of Solid Waste and Emergency Response, Washington, DC. Available online at https://www.epa.gov/chemical-research/interim-ecological-soil-screening-level-documents. Accessed November 16, 2021.","PDF","Tox-eco","0268_EcoSSL-V_2005.pdf",0,1,1,0,0,1,0
269,"VVWM","U.S. EPA","2019","U.S. EPA (Environmental Protection Agency). 2019. The Variable Volume Water Model, Revision B. U.S. Environmental Protection Agency, Office of Pesticide Programs, Washington DC. September. USEPA/OPP 734S16002. Available at https://www.epa.gov/pesticide-science-and-assessing-pesticide-risks/models-pesticide-risk-assessment","PDF","General & fate","0269_VVWM-RevB_2019.pdf",0,0,0,0,0,1,1
270,"SAB (Index Res)","Jones","1998","Jones, R.D., S. Abel, W. Effland, R. Matzner, and R. Parker. 1998. IV. An index reservoir for use in assessing drinking water exposure. In: Science Advisory Board, Final Report for the July 29-30, 1998, Meeting: Session 1, Proposed Methods for Basin-scale Estimation of Pesticide Concentrations in Flowing Water and Reservoirs for Tolerance Reassessment.  Available at https://archive.epa.gov/scipoly/sap/meetings/web/html/072998_mtg.html","PDF","General & fate","0270_Jones_1998.pdf",0,0,0,0,1,1,1
271,"NDSU Extension","NDSU","2021","ND State University Extension. 2021. Moisture Matters When Making Good Corn Silage. https://www.drovers.com/news/beef-production/moisture-matters-when-making-good-corn-silage","JPG","General & fate","0271_NDSU_2021.jpg",1,0,0,0,0,1,1
272,"MSU Extension 2011","MSU","2011","MI State University Extension. 2011. Understanding how hay dries in the field. https://www.canr.msu.edu/news/understanding_how_hay_dries_in_the_field1","JPG","General & fate","0272_MSU_2011.jpg",1,0,0,0,0,1,1
273,"EcoSSL (PAHs)","U.S. EPA","2017","U.S. EPA. 2007f. Ecological Soil Screening Levels forPolycyclic Aromatic Hydrocarbons (PAHs). Interim Final. OSWER Directive 9285.7-78. Office of Solid Waste and Emergency Response, Washington, DC. Available online at https://www.epa.gov/chemical-research/interim-ecological-soil-screening-level-documents. Accessed March 14, 2022.","PDF","Tox-eco","0273_EcoSSL-PAHs_2007.pdf",0,0,1,0,0,1,1
274,"PFOA MCLG","U.S. EPA","2021","U.S. EPA (Environmental Protection Agency). 2021a. Proposed Approaches to the Derivation of a Draft Maximum Contaminant Level Goal for Perfluorooctanoic Acid (PFOA) (CASRN 335-67-1) in Drinking Water. External Peer Review Draft. EPA Document No. 822D21001. Office of Water, Health and Ecological Criteria Division. Washington, DC. November.","PDF","Tox-human","0274_PFOA_MCLG_2021.pdf",0,1,0,0,0,1,1
275,"PFOS MCLG","U.S. EPA","2021","U.S. EPA (Environmental Protection Agency). 2021b. Proposed Approaches to the Derivation of a Draft Maximum Contaminant Level Goal for Perfluorooctane Sulfonic Acid (PFOS) (CASRN 1763-23-1) in Drinking Water. External Peer Review Draft. EPA Document No. 822D21002. Office of Water, Health and Ecological Criteria Division. Washington, DC. November.","PDF","Tox-human","0275_PFOS_MCLG_2021.pdf",0,1,0,0,0,1,1
276,"EFH:2018-meatdairy","U.S. EPA","2018","U.S. EPA (Environmental Protection Agency). 2018. Update for Chapter 11 of the Exposure Factors Handbook: Intake of Meats, Dairy Products, and Fats. EPA/600/R-17/485F. National Center for Environmental Assessment, Office of Research and Development, Washington, DC. April. Available at https://www.epa.gov/expobox/about-exposure-factors-handbook","PDF","Exposure","0276_EFH-Ch11-update_2018.PDF",0,0,0,1,0,1,1
277,"EFH:2019-dw","U.S. EPA","2019","U.S. EPA (Environmental Protection Agency). 2019b. Update for Chapter 3 of the Exposure Factors Handbook: Ingestion of Water and Other Select Liquids. EPA/600/R-18/259F. National Center for Environmental Assessment, Office of Research and Development, Washington, DC. February. Available at https://www.epa.gov/expobox/about-exposure-factors-handbook","PDF","Exposure","0277_EFH-Ch3-update_2019.PDF",0,0,0,1,0,1,1
278,"NHANES:2014-fish","U.S. EPA","2014","U.S. EPA (Environmental Protection Agency). 2014. Estimated Fish Consumption Rates for the U.S. Population and Selected Subpopulations (NHANES 2003-2010). Final Report. EPA-820-R-14-002. April. Available at https://www.epa.gov/fish-tech/reports-and-fact-sheets-about-fish-consumption-and-human-health","PDF","Exposure","0278_NHANES_fish_2014.pdf",0,0,0,1,0,1,1
279,"CompTox","U.S. EPA","nd","U.S. EPA (Environmental Protection Agency). Nd. CompTox Dashboard. www.comptox.epa.gov/dashboard.","Link (web-based tool)","Chemical",,0,1,0,0,0,0,0
280,"OPERA","NTP","nd","NTP (National Toxicology Program). Nd. OPERA (OPEn [quantitative] structure-activity/property Relationship App) https://ntp.niehs.nih.gov/whatwestudy/niceatm/comptox/ct-opera/opera.html.","Link (web-based tool)","Chemical",,0,1,0,0,0,0,0
281,"ChemSpider","RSC","nd","Royal Society of Chemistry. Nd. ChemSpider. http://www.chemspider.com/.","Link (web-based tool)","Chemical",,0,1,0,0,0,0,0
